id,produto_id,data,quantidade
1,1,2026-09-12,4
2,1,2026-09-10,4
3,1,2026-09-08,4
4,1,2026-09-06,3
5,1,2026-09-05,1
6,1,2026-09-04,5
7,1,2026-09-03,1
8,1,2026-09-02,2
9,1,2026-08-31,1
10,1,2026-08-30,5
11,1,2026-08-28,1
12,1,2026-08-27,2
13,1,2026-08-26,3
14,1,2026-08-25,2
15,1,2026-08-21,5
16,1,2026-08-20,2
17,1,2026-08-19,4
18,1,2026-08-17,1
19,1,2026-08-14,5
20,1,2026-08-13,2
21,1,2026-08-12,3
22,1,2026-08-10,3
23,1,2026-08-08,5
24,1,2026-08-05,3
25,1,2026-08-03,4
26,1,2026-08-02,1
27,1,2026-07-31,1
28,1,2026-07-26,1
29,1,2026-07-25,2
30,1,2026-07-22,5
31,1,2026-07-19,3
32,1,2026-07-18,5
33,1,2026-07-17,1
34,1,2026-07-16,4
35,1,2026-07-12,1
36,1,2026-07-09,4
37,1,2026-07-08,5
38,1,2026-07-01,4
39,1,2026-06-30,2
40,1,2026-06-29,5
41,1,2026-06-28,3
42,1,2026-06-27,2
43,1,2026-06-24,5
44,1,2026-06-20,4
45,1,2026-06-16,4
46,1,2026-06-15,2
47,1,2026-06-10,5
48,1,2026-06-01,3
49,1,2026-05-30,4
50,1,2026-05-27,2
51,1,2026-05-26,3
52,1,2026-05-23,5
53,1,2026-05-19,1
54,1,2026-05-15,4
55,1,2026-05-14,2
56,1,2026-05-11,3
57,1,2026-05-09,3
58,1,2026-05-07,4
59,1,2026-05-06,5
60,1,2026-05-01,3
61,1,2026-04-30,2
62,1,2026-04-27,3
63,1,2026-04-25,3
64,1,2026-04-24,5
65,1,2026-04-23,3
66,1,2026-04-17,5
67,1,2026-04-15,3
68,1,2026-04-14,3
69,1,2026-04-12,1
70,1,2026-04-10,1
71,1,2026-04-09,5
72,1,2026-04-08,5
73,1,2026-04-03,3
74,1,2026-03-29,2
75,1,2026-03-27,1
76,1,2026-03-26,3
77,1,2026-03-25,5
78,1,2026-03-24,2
79,1,2026-03-22,2
80,1,2026-03-21,5
81,1,2026-03-19,1
82,2,2026-09-11,2
83,2,2026-09-07,1
84,2,2026-09-06,5
85,2,2026-08-30,1
86,2,2026-08-29,5
87,2,2026-08-28,2
88,2,2026-08-27,1
89,2,2026-08-25,5
90,2,2026-08-22,2
91,2,2026-08-15,1
92,2,2026-08-10,4
93,2,2026-08-05,1
94,2,2026-08-04,1
95,2,2026-08-03,3
96,2,2026-08-01,5
97,2,2026-07-27,2
98,2,2026-07-26,5
99,2,2026-07-25,3
100,2,2026-07-22,2
101,2,2026-07-20,4
102,2,2026-07-19,2
103,2,2026-07-18,5
104,2,2026-07-10,2
105,2,2026-07-09,5
106,2,2026-07-08,2
107,2,2026-07-07,1
108,2,2026-07-06,5
109,2,2026-07-04,2
110,2,2026-07-02,2
111,2,2026-06-27,5
112,2,2026-06-25,5
113,2,2026-06-23,4
114,2,2026-06-22,2
115,2,2026-06-21,1
116,2,2026-06-20,1
117,2,2026-06-17,1
118,2,2026-06-16,2
119,2,2026-06-15,3
120,2,2026-06-13,3
121,2,2026-06-11,3
122,2,2026-06-06,1
123,2,2026-06-04,5
124,2,2026-06-02,1
125,2,2026-05-31,1
126,2,2026-05-29,4
127,2,2026-05-28,2
128,2,2026-05-27,1
129,2,2026-05-26,4
130,2,2026-05-25,2
131,2,2026-05-19,2
132,2,2026-05-17,2
133,2,2026-05-16,1
134,2,2026-05-12,3
135,2,2026-05-11,4
136,2,2026-05-05,3
137,2,2026-05-04,5
138,2,2026-05-02,2
139,2,2026-04-30,5
140,2,2026-04-26,3
141,2,2026-04-21,4
142,2,2026-04-17,4
143,2,2026-04-13,5
144,2,2026-04-12,2
145,2,2026-04-08,2
146,2,2026-04-07,2
147,2,2026-04-06,1
148,2,2026-04-05,1
149,2,2026-04-04,2
150,2,2026-03-30,1
151,2,2026-03-29,4
152,2,2026-03-27,4
153,2,2026-03-22,5
154,2,2026-03-20,2
155,3,2026-09-07,2
156,3,2026-09-04,6
157,3,2026-09-01,4
158,3,2026-08-29,4
159,3,2026-08-27,7
160,3,2026-08-23,6
161,3,2026-08-22,1
162,3,2026-08-21,4
163,3,2026-08-19,3
164,3,2026-08-17,7
165,3,2026-08-15,3
166,3,2026-08-14,5
167,3,2026-08-12,4
168,3,2026-08-05,6
169,3,2026-08-04,5
170,3,2026-08-02,5
171,3,2026-08-01,1
172,3,2026-07-31,4
173,3,2026-07-30,1
174,3,2026-07-29,4
175,3,2026-07-25,3
176,3,2026-07-21,7
177,3,2026-07-18,7
178,3,2026-07-17,7
179,3,2026-07-13,2
180,3,2026-07-12,6
181,3,2026-07-02,6
182,3,2026-07-01,3
183,3,2026-06-25,6
184,3,2026-06-24,4
185,3,2026-06-21,3
186,3,2026-06-20,3
187,3,2026-06-18,7
188,3,2026-06-16,2
189,3,2026-06-14,5
190,3,2026-06-13,1
191,3,2026-06-12,1
192,3,2026-06-10,1
193,3,2026-06-07,4
194,3,2026-06-06,2
195,3,2026-06-05,4
196,3,2026-06-03,6
197,3,2026-05-27,6
198,3,2026-05-26,1
199,3,2026-05-21,2
200,3,2026-05-14,2
201,3,2026-05-11,7
202,3,2026-05-10,6
203,3,2026-05-06,4
204,3,2026-05-03,3
205,3,2026-05-01,5
206,3,2026-04-30,6
207,3,2026-04-28,1
208,3,2026-04-24,6
209,3,2026-04-22,1
210,3,2026-04-20,4
211,3,2026-04-16,3
212,3,2026-04-12,7
213,3,2026-04-10,3
214,3,2026-04-08,2
215,3,2026-04-05,3
216,3,2026-04-03,6
217,3,2026-04-02,1
218,3,2026-04-01,5
219,3,2026-03-29,3
220,3,2026-03-28,1
221,3,2026-03-27,4
222,5,2026-09-13,4
223,5,2026-09-11,2
224,5,2026-09-08,1
225,5,2026-09-07,2
226,5,2026-09-04,3
227,5,2026-09-03,1
228,5,2026-09-02,4
229,5,2026-08-22,4
230,5,2026-08-18,4
231,5,2026-08-16,4
232,5,2026-08-15,2
233,5,2026-08-12,1
234,5,2026-08-09,1
235,5,2026-08-08,1
236,5,2026-08-07,5
237,5,2026-08-06,2
238,5,2026-08-04,2
239,5,2026-08-02,5
240,5,2026-07-29,1
241,5,2026-07-27,1
242,5,2026-07-23,3
243,5,2026-07-21,4
244,5,2026-07-19,5
245,5,2026-07-16,1
246,5,2026-07-15,2
247,5,2026-07-12,4
248,5,2026-07-08,1
249,5,2026-07-01,2
250,5,2026-06-29,4
251,5,2026-06-27,4
252,5,2026-06-22,1
253,5,2026-06-21,3
254,5,2026-06-16,2
255,5,2026-06-12,5
256,5,2026-06-09,1
257,5,2026-06-06,2
258,5,2026-06-05,1
259,5,2026-06-02,3
260,5,2026-05-31,4
261,5,2026-05-29,3
262,5,2026-05-27,5
263,5,2026-05-25,5
264,5,2026-05-24,5
265,5,2026-05-22,2
266,5,2026-05-21,3
267,5,2026-05-20,5
268,5,2026-05-19,5
269,5,2026-05-17,4
270,5,2026-05-16,1
271,5,2026-05-15,4
272,5,2026-05-13,5
273,5,2026-05-12,3
274,5,2026-05-10,1
275,5,2026-05-09,5
276,5,2026-05-06,3
277,5,2026-04-30,1
278,5,2026-04-29,2
279,5,2026-04-28,1
280,5,2026-04-27,5
281,5,2026-04-26,4
282,5,2026-04-18,3
283,5,2026-04-13,4
284,5,2026-04-11,2
285,5,2026-04-09,1
286,5,2026-04-06,5
287,5,2026-04-03,5
288,5,2026-03-30,2
289,5,2026-03-29,1
290,5,2026-03-26,5
291,5,2026-03-22,4
292,5,2026-03-21,4
293,5,2026-03-20,4
294,5,2026-03-19,2
295,7,2026-09-12,1
296,7,2026-09-11,4
297,7,2026-09-10,6
298,7,2026-09-08,8
299,7,2026-09-05,1
300,7,2026-09-02,4
301,7,2026-08-30,4
302,7,2026-08-28,8
303,7,2026-08-26,3
304,7,2026-08-25,7
305,7,2026-08-24,1
306,7,2026-08-23,5
307,7,2026-08-22,3
308,7,2026-08-21,2
309,7,2026-08-20,8
310,7,2026-08-19,9
311,7,2026-08-18,4
312,7,2026-08-15,4
313,7,2026-08-12,4
314,7,2026-08-10,5
315,7,2026-08-08,5
316,7,2026-08-07,1
317,7,2026-07-31,6
318,7,2026-07-28,3
319,7,2026-07-27,3
320,7,2026-07-25,3
321,7,2026-07-24,2
322,7,2026-07-19,3
323,7,2026-07-14,2
324,7,2026-07-08,5
325,7,2026-07-04,8
326,7,2026-07-03,5
327,7,2026-07-02,6
328,7,2026-07-01,6
329,7,2026-06-28,8
330,7,2026-06-26,6
331,7,2026-06-22,7
332,7,2026-06-19,2
333,7,2026-06-13,2
334,7,2026-06-12,3
335,7,2026-06-11,5
336,7,2026-06-10,1
337,7,2026-06-09,4
338,7,2026-06-08,8
339,7,2026-06-05,2
340,7,2026-06-03,2
341,7,2026-05-30,2
342,7,2026-05-28,4
343,7,2026-05-26,8
344,7,2026-05-24,1
345,7,2026-05-22,7
346,7,2026-05-19,1
347,7,2026-05-17,4
348,7,2026-05-11,7
349,7,2026-05-09,9
350,7,2026-05-08,6
351,7,2026-05-07,7
352,7,2026-05-05,2
353,7,2026-05-03,7
354,7,2026-05-02,1
355,7,2026-05-01,7
356,7,2026-04-23,5
357,7,2026-04-18,2
358,7,2026-04-17,9
359,7,2026-04-16,4
360,7,2026-04-14,5
361,7,2026-04-13,3
362,7,2026-04-12,9
363,7,2026-04-10,9
364,7,2026-04-03,2
365,7,2026-04-01,8
366,7,2026-03-28,6
367,7,2026-03-23,4
368,7,2026-03-22,4
369,7,2026-03-20,7
370,7,2026-03-19,6
371,7,2026-03-18,4
372,8,2026-09-11,2
373,8,2026-09-10,7
374,8,2026-09-09,5
375,8,2026-09-08,7
376,8,2026-09-07,6
377,8,2026-09-06,4
378,8,2026-09-04,7
379,8,2026-09-03,2
380,8,2026-08-28,2
381,8,2026-08-16,7
382,8,2026-08-15,4
383,8,2026-08-05,4
384,8,2026-08-03,3
385,8,2026-08-02,4
386,8,2026-07-29,6
387,8,2026-07-25,3
388,8,2026-07-22,2
389,8,2026-07-21,3
390,8,2026-07-20,7
391,8,2026-07-18,3
392,8,2026-07-17,4
393,8,2026-07-14,3
394,8,2026-07-04,3
395,8,2026-07-03,6
396,8,2026-07-02,1
397,8,2026-06-29,3
398,8,2026-06-25,2
399,8,2026-06-19,5
400,8,2026-06-17,3
401,8,2026-06-16,1
402,8,2026-06-13,3
403,8,2026-06-07,3
404,8,2026-06-05,2
405,8,2026-06-03,5
406,8,2026-06-01,6
407,8,2026-05-30,4
408,8,2026-05-29,1
409,8,2026-05-28,6
410,8,2026-05-25,1
411,8,2026-05-22,4
412,8,2026-05-16,2
413,8,2026-05-14,2
414,8,2026-05-11,1
415,8,2026-05-10,5
416,8,2026-05-02,2
417,8,2026-05-01,2
418,8,2026-04-30,6
419,8,2026-04-29,5
420,8,2026-04-28,2
421,8,2026-04-26,1
422,8,2026-04-25,4
423,8,2026-04-20,1
424,8,2026-04-19,5
425,8,2026-04-17,7
426,8,2026-04-15,5
427,8,2026-04-14,4
428,8,2026-04-12,6
429,8,2026-04-11,6
430,8,2026-04-08,6
431,8,2026-04-05,2
432,8,2026-04-04,4
433,8,2026-04-03,3
434,8,2026-04-02,3
435,8,2026-04-01,5
436,8,2026-03-30,6
437,8,2026-03-29,1
438,8,2026-03-25,4
439,8,2026-03-24,2
440,8,2026-03-22,1
441,8,2026-03-21,2
442,8,2026-03-20,2
443,8,2026-03-19,3
444,9,2026-09-10,3
445,9,2026-09-09,4
446,9,2026-09-08,5
447,9,2026-09-07,4
448,9,2026-09-05,4
449,9,2026-08-26,1
450,9,2026-08-24,3
451,9,2026-08-21,5
452,9,2026-08-20,1
453,9,2026-08-19,1
454,9,2026-08-16,2
455,9,2026-08-14,5
456,9,2026-08-10,3
457,9,2026-08-09,3
458,9,2026-08-08,4
459,9,2026-08-07,4
460,9,2026-07-31,3
461,9,2026-07-28,4
462,9,2026-07-27,4
463,9,2026-07-26,4
464,9,2026-07-25,1
465,9,2026-07-24,1
466,9,2026-07-23,5
467,9,2026-07-20,1
468,9,2026-07-16,1
469,9,2026-07-11,4
470,9,2026-07-09,4
471,9,2026-07-05,3
472,9,2026-06-28,3
473,9,2026-06-27,3
474,9,2026-06-25,4
475,9,2026-06-22,5
476,9,2026-06-21,4
477,9,2026-06-19,5
478,9,2026-06-14,2
479,9,2026-06-10,2
480,9,2026-06-09,5
481,9,2026-06-08,5
482,9,2026-06-07,2
483,9,2026-06-05,1
484,9,2026-06-04,3
485,9,2026-06-02,3
486,9,2026-06-01,4
487,9,2026-05-30,2
488,9,2026-05-29,4
489,9,2026-05-28,3
490,9,2026-05-26,2
491,9,2026-05-24,1
492,9,2026-05-21,2
493,9,2026-05-16,3
494,9,2026-05-15,4
495,9,2026-05-14,1
496,9,2026-05-12,1
497,9,2026-05-09,3
498,9,2026-05-06,5
499,9,2026-05-05,1
500,9,2026-04-30,5
501,9,2026-04-29,4
502,9,2026-04-25,3
503,9,2026-04-19,2
504,9,2026-04-18,1
505,9,2026-04-17,4
506,9,2026-04-15,2
507,9,2026-04-10,3
508,9,2026-04-08,2
509,9,2026-04-06,2
510,9,2026-04-05,5
511,9,2026-04-02,1
512,9,2026-04-01,5
513,9,2026-03-27,2
514,9,2026-03-24,3
515,9,2026-03-21,2
516,9,2026-03-20,4
517,11,2026-09-12,6
518,11,2026-09-11,9
519,11,2026-09-09,1
520,11,2026-09-06,8
521,11,2026-09-05,3
522,11,2026-09-03,5
523,11,2026-09-02,6
524,11,2026-08-25,7
525,11,2026-08-21,6
526,11,2026-08-19,7
527,11,2026-08-15,6
528,11,2026-08-11,8
529,11,2026-08-09,6
530,11,2026-08-06,4
531,11,2026-08-04,2
532,11,2026-08-03,4
533,11,2026-08-01,5
534,11,2026-07-30,5
535,11,2026-07-28,8
536,11,2026-07-27,2
537,11,2026-07-20,9
538,11,2026-07-16,9
539,11,2026-07-15,7
540,11,2026-07-12,8
541,11,2026-07-10,1
542,11,2026-07-08,1
543,11,2026-07-07,4
544,11,2026-07-05,3
545,11,2026-06-27,6
546,11,2026-06-24,5
547,11,2026-06-23,6
548,11,2026-06-20,8
549,11,2026-06-19,6
550,11,2026-06-18,9
551,11,2026-06-17,2
552,11,2026-06-16,4
553,11,2026-06-15,4
554,11,2026-06-13,8
555,11,2026-06-12,1
556,11,2026-06-10,5
557,11,2026-06-09,9
558,11,2026-06-03,5
559,11,2026-06-01,6
560,11,2026-05-28,1
561,11,2026-05-27,7
562,11,2026-05-22,9
563,11,2026-05-21,6
564,11,2026-05-19,3
565,11,2026-05-17,3
566,11,2026-05-14,8
567,11,2026-05-13,6
568,11,2026-05-12,6
569,11,2026-05-10,1
570,11,2026-05-09,1
571,11,2026-05-06,7
572,11,2026-05-05,9
573,11,2026-05-03,9
574,11,2026-05-01,1
575,11,2026-04-28,4
576,11,2026-04-24,5
577,11,2026-04-22,3
578,11,2026-04-20,6
579,11,2026-04-16,9
580,11,2026-04-14,6
581,11,2026-04-06,4
582,11,2026-04-05,8
583,11,2026-04-03,5
584,11,2026-03-31,5
585,11,2026-03-30,9
586,11,2026-03-27,4
587,11,2026-03-25,3
588,11,2026-03-24,6
589,11,2026-03-22,7
590,11,2026-03-18,3
591,12,2026-09-09,1
592,12,2026-09-08,4
593,12,2026-09-05,5
594,12,2026-09-03,1
595,12,2026-08-31,5
596,12,2026-08-30,2
597,12,2026-08-29,3
598,12,2026-08-24,3
599,12,2026-08-22,4
600,12,2026-08-19,1
601,12,2026-08-16,5
602,12,2026-08-15,4
603,12,2026-08-13,4
604,12,2026-08-11,3
605,12,2026-08-08,5
606,12,2026-08-05,1
607,12,2026-08-04,2
608,12,2026-08-01,3
609,12,2026-07-25,5
610,12,2026-07-24,4
611,12,2026-07-21,5
612,12,2026-07-18,5
613,12,2026-07-16,3
614,12,2026-07-15,4
615,12,2026-07-14,3
616,12,2026-07-13,2
617,12,2026-07-08,5
618,12,2026-07-05,5
619,12,2026-07-04,2
620,12,2026-06-28,2
621,12,2026-06-25,3
622,12,2026-06-23,2
623,12,2026-06-22,1
624,12,2026-06-21,1
625,12,2026-06-20,4
626,12,2026-06-18,2
627,12,2026-06-12,3
628,12,2026-06-11,4
629,12,2026-06-10,3
630,12,2026-06-09,4
631,12,2026-06-07,4
632,12,2026-06-06,5
633,12,2026-05-31,3
634,12,2026-05-30,3
635,12,2026-05-29,2
636,12,2026-05-28,5
637,12,2026-05-23,3
638,12,2026-05-22,4
639,12,2026-05-21,2
640,12,2026-05-19,1
641,12,2026-05-17,1
642,12,2026-05-16,3
643,12,2026-05-15,3
644,12,2026-05-14,2
645,12,2026-05-12,4
646,12,2026-05-11,4
647,12,2026-05-08,2
648,12,2026-05-07,1
649,12,2026-05-06,5
650,12,2026-05-01,3
651,12,2026-04-30,1
652,12,2026-04-29,4
653,12,2026-04-26,2
654,12,2026-04-24,5
655,12,2026-04-22,3
656,12,2026-04-19,2
657,12,2026-04-16,1
658,12,2026-04-15,2
659,12,2026-04-14,3
660,12,2026-04-13,1
661,12,2026-04-12,1
662,12,2026-04-09,1
663,12,2026-04-08,1
664,12,2026-03-31,3
665,12,2026-03-29,2
666,12,2026-03-28,4
667,12,2026-03-23,5
668,12,2026-03-21,5
669,17,2026-09-12,6
670,17,2026-09-04,5
671,17,2026-09-02,6
672,17,2026-08-30,1
673,17,2026-08-29,5
674,17,2026-08-28,6
675,17,2026-08-26,6
676,17,2026-08-21,7
677,17,2026-08-16,2
678,17,2026-08-15,7
679,17,2026-08-10,2
680,17,2026-08-09,6
681,17,2026-08-03,4
682,17,2026-08-02,7
683,17,2026-07-31,2
684,17,2026-07-29,3
685,17,2026-07-28,7
686,17,2026-07-26,6
687,17,2026-07-25,4
688,17,2026-07-24,4
689,17,2026-07-18,6
690,17,2026-07-17,4
691,17,2026-07-15,3
692,17,2026-07-12,5
693,17,2026-07-11,5
694,17,2026-07-10,5
695,17,2026-07-09,6
696,17,2026-07-06,3
697,17,2026-07-04,6
698,17,2026-07-02,2
699,17,2026-06-28,1
700,17,2026-06-26,1
701,17,2026-06-24,4
702,17,2026-06-21,2
703,17,2026-06-20,5
704,17,2026-06-19,5
705,17,2026-06-18,7
706,17,2026-06-16,6
707,17,2026-06-15,7
708,17,2026-06-14,7
709,17,2026-06-12,4
710,17,2026-06-08,5
711,17,2026-06-02,1
712,17,2026-05-25,6
713,17,2026-05-24,3
714,17,2026-05-21,2
715,17,2026-05-18,4
716,17,2026-05-17,7
717,17,2026-05-16,4
718,17,2026-05-15,6
719,17,2026-05-14,3
720,17,2026-05-12,6
721,17,2026-05-09,4
722,17,2026-05-06,3
723,17,2026-05-05,1
724,17,2026-05-04,5
725,17,2026-05-03,3
726,17,2026-05-02,4
727,17,2026-05-01,7
728,17,2026-04-30,4
729,17,2026-04-27,3
730,17,2026-04-26,4
731,17,2026-04-23,2
732,17,2026-04-22,2
733,17,2026-04-20,4
734,17,2026-04-17,7
735,17,2026-04-16,4
736,17,2026-04-13,3
737,17,2026-04-12,1
738,17,2026-04-09,3
739,17,2026-04-08,4
740,17,2026-04-07,6
741,17,2026-04-06,5
742,17,2026-04-02,2
743,17,2026-04-01,4
744,17,2026-03-30,2
745,17,2026-03-28,5
746,17,2026-03-26,6
747,17,2026-03-20,2
748,17,2026-03-18,7
749,18,2026-09-11,1
750,18,2026-09-07,4
751,18,2026-09-05,1
752,18,2026-09-03,2
753,18,2026-09-01,2
754,18,2026-08-27,3
755,18,2026-08-26,2
756,18,2026-08-25,2
757,18,2026-08-24,1
758,18,2026-08-23,2
759,18,2026-08-21,5
760,18,2026-08-19,2
761,18,2026-08-15,3
762,18,2026-08-14,2
763,18,2026-08-10,3
764,18,2026-08-09,4
765,18,2026-08-06,3
766,18,2026-08-02,2
767,18,2026-07-27,5
768,18,2026-07-24,2
769,18,2026-07-22,3
770,18,2026-07-21,4
771,18,2026-07-20,3
772,18,2026-07-19,3
773,18,2026-07-14,2
774,18,2026-07-11,5
775,18,2026-07-05,2
776,18,2026-07-04,1
777,18,2026-07-03,4
778,18,2026-07-02,3
779,18,2026-07-01,2
780,18,2026-06-30,4
781,18,2026-06-29,5
782,18,2026-06-28,4
783,18,2026-06-27,5
784,18,2026-06-24,2
785,18,2026-06-23,5
786,18,2026-06-22,2
787,18,2026-06-18,1
788,18,2026-06-17,1
789,18,2026-06-12,2
790,18,2026-06-11,3
791,18,2026-06-07,5
792,18,2026-06-05,5
793,18,2026-06-04,2
794,18,2026-05-31,2
795,18,2026-05-30,3
796,18,2026-05-28,5
797,18,2026-05-26,3
798,18,2026-05-25,4
799,18,2026-05-23,3
800,18,2026-05-19,2
801,18,2026-05-18,5
802,18,2026-05-16,3
803,18,2026-05-14,2
804,18,2026-05-11,1
805,18,2026-05-03,1
806,18,2026-04-30,3
807,18,2026-04-24,3
808,18,2026-04-14,5
809,18,2026-04-11,3
810,18,2026-04-08,5
811,18,2026-04-06,4
812,18,2026-04-02,4
813,18,2026-03-27,3
814,18,2026-03-23,3
815,18,2026-03-21,1
816,19,2026-09-12,2
817,19,2026-09-11,4
818,19,2026-09-08,1
819,19,2026-09-06,4
820,19,2026-09-03,2
821,19,2026-09-01,2
822,19,2026-08-31,3
823,19,2026-08-29,2
824,19,2026-08-28,5
825,19,2026-08-25,3
826,19,2026-08-21,2
827,19,2026-08-20,1
828,19,2026-08-19,2
829,19,2026-08-18,2
830,19,2026-08-15,3
831,19,2026-08-09,3
832,19,2026-08-07,5
833,19,2026-08-06,3
834,19,2026-08-04,4
835,19,2026-08-01,4
836,19,2026-07-29,1
837,19,2026-07-22,3
838,19,2026-07-20,3
839,19,2026-07-19,5
840,19,2026-07-15,5
841,19,2026-07-13,2
842,19,2026-07-12,5
843,19,2026-07-11,5
844,19,2026-07-06,3
845,19,2026-07-04,2
846,19,2026-07-01,5
847,19,2026-06-30,2
848,19,2026-06-29,1
849,19,2026-06-28,5
850,19,2026-06-27,3
851,19,2026-06-22,2
852,19,2026-06-21,4
853,19,2026-06-20,3
854,19,2026-06-16,3
855,19,2026-06-15,4
856,19,2026-06-14,2
857,19,2026-06-09,3
858,19,2026-06-08,3
859,19,2026-06-02,3
860,19,2026-05-31,3
861,19,2026-05-29,4
862,19,2026-05-27,5
863,19,2026-05-26,5
864,19,2026-05-24,2
865,19,2026-05-21,5
866,19,2026-05-17,3
867,19,2026-05-16,2
868,19,2026-05-11,3
869,19,2026-05-10,4
870,19,2026-05-08,2
871,19,2026-05-06,5
872,19,2026-05-03,2
873,19,2026-05-02,1
874,19,2026-04-30,1
875,19,2026-04-24,2
876,19,2026-04-23,2
877,19,2026-04-15,4
878,19,2026-04-13,1
879,19,2026-04-07,3
880,19,2026-04-03,5
881,19,2026-04-02,3
882,19,2026-04-01,4
883,19,2026-03-30,3
884,19,2026-03-25,5
885,19,2026-03-23,2
886,19,2026-03-22,3
887,19,2026-03-19,5
888,20,2026-09-13,5
889,20,2026-09-11,2
890,20,2026-09-10,5
891,20,2026-09-09,3
892,20,2026-09-08,3
893,20,2026-09-02,1
894,20,2026-08-30,3
895,20,2026-08-29,4
896,20,2026-08-23,5
897,20,2026-08-22,4
898,20,2026-08-21,2
899,20,2026-08-20,5
900,20,2026-08-19,2
901,20,2026-08-15,3
902,20,2026-08-09,2
903,20,2026-07-31,3
904,20,2026-07-30,1
905,20,2026-07-26,4
906,20,2026-07-24,2
907,20,2026-07-23,4
908,20,2026-07-21,3
909,20,2026-07-17,1
910,20,2026-07-15,4
911,20,2026-07-14,3
912,20,2026-07-11,3
913,20,2026-07-06,4
914,20,2026-07-05,1
915,20,2026-07-04,5
916,20,2026-07-02,1
917,20,2026-06-30,5
918,20,2026-06-28,3
919,20,2026-06-27,5
920,20,2026-06-23,2
921,20,2026-06-22,3
922,20,2026-06-21,1
923,20,2026-06-20,2
924,20,2026-06-09,2
925,20,2026-06-04,4
926,20,2026-06-02,2
927,20,2026-05-30,5
928,20,2026-05-25,1
929,20,2026-05-23,1
930,20,2026-05-22,1
931,20,2026-05-17,5
932,20,2026-05-14,2
933,20,2026-05-08,2
934,20,2026-05-06,5
935,20,2026-05-05,5
936,20,2026-05-01,1
937,20,2026-04-24,1
938,20,2026-04-18,2
939,20,2026-04-14,2
940,20,2026-04-10,5
941,20,2026-04-09,1
942,20,2026-04-08,2
943,20,2026-04-05,3
944,20,2026-04-04,3
945,20,2026-04-02,5
946,20,2026-03-31,2
947,20,2026-03-30,1
948,20,2026-03-29,5
949,20,2026-03-28,4
950,22,2026-09-10,3
951,22,2026-09-07,3
952,22,2026-09-05,4
953,22,2026-09-04,4
954,22,2026-09-03,4
955,22,2026-08-29,2
956,22,2026-08-28,5
957,22,2026-08-27,2
958,22,2026-08-25,3
959,22,2026-08-24,2
960,22,2026-08-20,3
961,22,2026-08-18,1
962,22,2026-08-15,5
963,22,2026-08-14,5
964,22,2026-08-13,4
965,22,2026-08-07,1
966,22,2026-08-04,2
967,22,2026-08-01,3
968,22,2026-07-30,3
969,22,2026-07-28,2
970,22,2026-07-23,1
971,22,2026-07-20,1
972,22,2026-07-17,1
973,22,2026-07-16,1
974,22,2026-07-08,4
975,22,2026-07-03,4
976,22,2026-07-02,2
977,22,2026-07-01,2
978,22,2026-06-30,2
979,22,2026-06-27,1
980,22,2026-06-25,1
981,22,2026-06-24,5
982,22,2026-06-23,3
983,22,2026-06-22,2
984,22,2026-06-19,3
985,22,2026-06-16,1
986,22,2026-06-15,3
987,22,2026-06-13,3
988,22,2026-06-12,2
989,22,2026-06-11,3
990,22,2026-06-10,2
991,22,2026-06-08,2
992,22,2026-06-06,4
993,22,2026-06-04,2
994,22,2026-05-31,4
995,22,2026-05-30,1
996,22,2026-05-29,4
997,22,2026-05-27,1
998,22,2026-05-24,5
999,22,2026-05-22,1
1000,22,2026-05-17,2
1001,22,2026-05-16,3
1002,22,2026-05-14,3
1003,22,2026-05-12,2
1004,22,2026-05-10,5
1005,22,2026-05-06,4
1006,22,2026-05-04,2
1007,22,2026-05-02,1
1008,22,2026-05-01,3
1009,22,2026-04-27,4
1010,22,2026-04-25,3
1011,22,2026-04-23,1
1012,22,2026-04-20,5
1013,22,2026-04-19,5
1014,22,2026-04-15,2
1015,22,2026-04-12,3
1016,22,2026-04-11,3
1017,22,2026-04-08,2
1018,22,2026-04-06,4
1019,22,2026-04-04,2
1020,22,2026-04-02,2
1021,22,2026-03-31,3
1022,22,2026-03-26,4
1023,22,2026-03-25,4
1024,22,2026-03-24,4
1025,22,2026-03-22,2
1026,22,2026-03-21,4
1027,22,2026-03-20,4
1028,22,2026-03-19,3
1029,22,2026-03-18,2
1030,23,2026-09-09,7
1031,23,2026-09-08,5
1032,23,2026-09-03,3
1033,23,2026-09-02,1
1034,23,2026-09-01,4
1035,23,2026-08-31,2
1036,23,2026-08-29,3
1037,23,2026-08-27,2
1038,23,2026-08-25,7
1039,23,2026-08-18,6
1040,23,2026-08-16,7
1041,23,2026-08-15,1
1042,23,2026-08-13,7
1043,23,2026-08-04,2
1044,23,2026-07-31,5
1045,23,2026-07-29,1
1046,23,2026-07-27,4
1047,23,2026-07-26,6
1048,23,2026-07-21,7
1049,23,2026-07-20,6
1050,23,2026-07-19,6
1051,23,2026-07-15,4
1052,23,2026-07-14,7
1053,23,2026-07-11,3
1054,23,2026-07-09,4
1055,23,2026-07-08,2
1056,23,2026-07-05,6
1057,23,2026-07-04,6
1058,23,2026-07-02,4
1059,23,2026-06-30,2
1060,23,2026-06-27,5
1061,23,2026-06-26,4
1062,23,2026-06-21,5
1063,23,2026-06-20,6
1064,23,2026-06-18,7
1065,23,2026-06-16,6
1066,23,2026-06-14,1
1067,23,2026-06-06,7
1068,23,2026-06-03,1
1069,23,2026-05-29,1
1070,23,2026-05-25,7
1071,23,2026-05-24,2
1072,23,2026-05-23,2
1073,23,2026-05-22,2
1074,23,2026-05-21,6
1075,23,2026-05-19,1
1076,23,2026-05-18,1
1077,23,2026-05-16,3
1078,23,2026-05-15,3
1079,23,2026-05-14,4
1080,23,2026-05-11,1
1081,23,2026-05-10,3
1082,23,2026-05-09,5
1083,23,2026-05-08,3
1084,23,2026-05-07,7
1085,23,2026-05-05,4
1086,23,2026-05-04,5
1087,23,2026-05-01,2
1088,23,2026-04-28,1
1089,23,2026-04-27,7
1090,23,2026-04-26,4
1091,23,2026-04-25,5
1092,23,2026-04-24,7
1093,23,2026-04-20,1
1094,23,2026-04-16,5
1095,23,2026-04-15,7
1096,23,2026-04-13,3
1097,23,2026-04-10,1
1098,23,2026-04-09,6
1099,23,2026-04-08,5
1100,23,2026-04-07,6
1101,23,2026-04-04,2
1102,23,2026-04-03,3
1103,23,2026-03-31,1
1104,23,2026-03-30,7
1105,23,2026-03-29,6
1106,23,2026-03-25,3
1107,23,2026-03-23,7
1108,23,2026-03-21,1
1109,23,2026-03-20,2
1110,23,2026-03-19,6
1111,24,2026-09-13,6
1112,24,2026-09-12,9
1113,24,2026-09-07,2
1114,24,2026-09-06,2
1115,24,2026-09-03,9
1116,24,2026-09-02,6
1117,24,2026-08-25,1
1118,24,2026-08-24,8
1119,24,2026-08-23,5
1120,24,2026-08-22,9
1121,24,2026-08-21,8
1122,24,2026-08-19,2
1123,24,2026-08-16,9
1124,24,2026-08-15,7
1125,24,2026-08-11,3
1126,24,2026-08-08,9
1127,24,2026-08-05,7
1128,24,2026-08-02,2
1129,24,2026-07-29,7
1130,24,2026-07-25,8
1131,24,2026-07-24,4
1132,24,2026-07-22,4
1133,24,2026-07-16,9
1134,24,2026-07-13,6
1135,24,2026-07-12,6
1136,24,2026-07-09,1
1137,24,2026-07-06,5
1138,24,2026-07-02,6
1139,24,2026-06-30,6
1140,24,2026-06-29,6
1141,24,2026-06-28,5
1142,24,2026-06-27,4
1143,24,2026-06-26,7
1144,24,2026-06-19,3
1145,24,2026-06-16,6
1146,24,2026-06-15,5
1147,24,2026-06-14,9
1148,24,2026-06-11,3
1149,24,2026-06-08,9
1150,24,2026-06-06,9
1151,24,2026-05-29,2
1152,24,2026-05-28,6
1153,24,2026-05-25,6
1154,24,2026-05-24,2
1155,24,2026-05-22,8
1156,24,2026-05-20,8
1157,24,2026-05-18,8
1158,24,2026-05-17,6
1159,24,2026-05-15,6
1160,24,2026-05-13,9
1161,24,2026-05-12,8
1162,24,2026-05-08,6
1163,24,2026-04-29,3
1164,24,2026-04-27,9
1165,24,2026-04-26,9
1166,24,2026-04-24,4
1167,24,2026-04-21,6
1168,24,2026-04-17,2
1169,24,2026-04-15,5
1170,24,2026-04-09,3
1171,24,2026-04-07,9
1172,24,2026-04-05,1
1173,24,2026-03-31,1
1174,24,2026-03-30,1
1175,24,2026-03-25,8
1176,24,2026-03-22,8
1177,24,2026-03-18,5
1178,25,2026-09-10,1
1179,25,2026-09-07,2
1180,25,2026-09-05,2
1181,25,2026-09-04,2
1182,25,2026-09-02,5
1183,25,2026-08-31,4
1184,25,2026-08-28,4
1185,25,2026-08-26,1
1186,25,2026-08-24,1
1187,25,2026-08-20,2
1188,25,2026-08-17,2
1189,25,2026-08-15,4
1190,25,2026-08-14,4
1191,25,2026-08-13,2
1192,25,2026-08-10,5
1193,25,2026-08-09,5
1194,25,2026-08-08,4
1195,25,2026-08-01,5
1196,25,2026-07-29,3
1197,25,2026-07-25,4
1198,25,2026-07-24,4
1199,25,2026-07-19,4
1200,25,2026-07-18,4
1201,25,2026-07-15,1
1202,25,2026-07-13,3
1203,25,2026-07-11,3
1204,25,2026-07-08,2
1205,25,2026-07-05,1
1206,25,2026-07-04,1
1207,25,2026-06-30,5
1208,25,2026-06-28,5
1209,25,2026-06-26,4
1210,25,2026-06-25,3
1211,25,2026-06-24,5
1212,25,2026-06-21,4
1213,25,2026-06-20,5
1214,25,2026-06-19,3
1215,25,2026-06-18,4
1216,25,2026-06-17,4
1217,25,2026-06-16,2
1218,25,2026-06-15,2
1219,25,2026-06-14,2
1220,25,2026-06-13,4
1221,25,2026-06-12,1
1222,25,2026-06-08,2
1223,25,2026-06-06,4
1224,25,2026-06-04,1
1225,25,2026-06-01,2
1226,25,2026-05-30,1
1227,25,2026-05-29,1
1228,25,2026-05-28,2
1229,25,2026-05-27,2
1230,25,2026-05-26,2
1231,25,2026-05-22,4
1232,25,2026-05-21,4
1233,25,2026-05-20,2
1234,25,2026-05-18,2
1235,25,2026-05-17,2
1236,25,2026-05-07,4
1237,25,2026-05-04,4
1238,25,2026-05-02,1
1239,25,2026-04-29,2
1240,25,2026-04-27,1
1241,25,2026-04-21,2
1242,25,2026-04-13,4
1243,25,2026-04-12,2
1244,25,2026-04-06,5
1245,25,2026-04-05,5
1246,25,2026-04-04,5
1247,25,2026-04-01,1
1248,25,2026-03-29,4
1249,25,2026-03-22,2
1250,25,2026-03-21,3
1251,26,2026-09-13,4
1252,26,2026-09-11,4
1253,26,2026-09-09,1
1254,26,2026-09-07,3
1255,26,2026-09-06,5
1256,26,2026-08-25,2
1257,26,2026-08-23,5
1258,26,2026-08-19,4
1259,26,2026-08-17,5
1260,26,2026-08-16,4
1261,26,2026-08-15,1
1262,26,2026-08-12,4
1263,26,2026-08-09,3
1264,26,2026-08-08,5
1265,26,2026-08-07,2
1266,26,2026-08-02,2
1267,26,2026-08-01,2
1268,26,2026-07-29,1
1269,26,2026-07-28,5
1270,26,2026-07-27,1
1271,26,2026-07-22,4
1272,26,2026-07-18,4
1273,26,2026-07-15,3
1274,26,2026-07-14,1
1275,26,2026-07-11,2
1276,26,2026-07-06,4
1277,26,2026-07-03,1
1278,26,2026-07-02,1
1279,26,2026-06-30,5
1280,26,2026-06-29,3
1281,26,2026-06-28,5
1282,26,2026-06-27,1
1283,26,2026-06-26,4
1284,26,2026-06-25,3
1285,26,2026-06-23,3
1286,26,2026-06-20,2
1287,26,2026-06-19,5
1288,26,2026-06-18,3
1289,26,2026-06-16,5
1290,26,2026-06-15,1
1291,26,2026-06-14,1
1292,26,2026-06-13,5
1293,26,2026-06-10,1
1294,26,2026-06-04,1
1295,26,2026-06-02,3
1296,26,2026-06-01,5
1297,26,2026-05-29,5
1298,26,2026-05-27,5
1299,26,2026-05-26,2
1300,26,2026-05-24,2
1301,26,2026-05-22,5
1302,26,2026-05-19,1
1303,26,2026-05-18,4
1304,26,2026-05-17,3
1305,26,2026-05-13,1
1306,26,2026-05-08,3
1307,26,2026-05-06,3
1308,26,2026-05-05,2
1309,26,2026-05-04,2
1310,26,2026-05-03,5
1311,26,2026-05-01,3
1312,26,2026-04-25,1
1313,26,2026-04-24,2
1314,26,2026-04-23,1
1315,26,2026-04-22,3
1316,26,2026-04-21,1
1317,26,2026-04-16,1
1318,26,2026-04-11,1
1319,26,2026-04-10,3
1320,26,2026-04-08,1
1321,26,2026-04-06,5
1322,26,2026-04-02,4
1323,26,2026-04-01,1
1324,26,2026-03-29,1
1325,26,2026-03-22,1
1326,26,2026-03-21,1
1327,26,2026-03-18,4
1328,27,2026-09-13,2
1329,27,2026-09-10,4
1330,27,2026-09-09,2
1331,27,2026-09-07,4
1332,27,2026-09-06,3
1333,27,2026-09-04,3
1334,27,2026-09-02,1
1335,27,2026-08-29,1
1336,27,2026-08-28,2
1337,27,2026-08-25,5
1338,27,2026-08-23,1
1339,27,2026-08-19,5
1340,27,2026-08-16,4
1341,27,2026-08-13,2
1342,27,2026-08-10,1
1343,27,2026-08-09,3
1344,27,2026-08-08,2
1345,27,2026-08-05,3
1346,27,2026-08-02,4
1347,27,2026-07-31,1
1348,27,2026-07-28,2
1349,27,2026-07-26,1
1350,27,2026-07-25,4
1351,27,2026-07-24,2
1352,27,2026-07-23,1
1353,27,2026-07-21,3
1354,27,2026-07-19,5
1355,27,2026-07-12,5
1356,27,2026-07-11,3
1357,27,2026-07-10,3
1358,27,2026-07-07,3
1359,27,2026-07-05,1
1360,27,2026-07-02,5
1361,27,2026-07-01,1
1362,27,2026-06-26,5
1363,27,2026-06-23,1
1364,27,2026-06-19,4
1365,27,2026-06-15,3
1366,27,2026-06-13,2
1367,27,2026-06-09,3
1368,27,2026-06-07,1
1369,27,2026-06-06,4
1370,27,2026-06-05,5
1371,27,2026-05-31,3
1372,27,2026-05-27,1
1373,27,2026-05-26,3
1374,27,2026-05-24,2
1375,27,2026-05-18,2
1376,27,2026-05-16,1
1377,27,2026-05-13,2
1378,27,2026-05-10,3
1379,27,2026-05-08,3
1380,27,2026-05-06,5
1381,27,2026-05-03,2
1382,27,2026-05-02,1
1383,27,2026-04-30,3
1384,27,2026-04-29,1
1385,27,2026-04-27,1
1386,27,2026-04-24,1
1387,27,2026-04-23,2
1388,27,2026-04-22,5
1389,27,2026-04-19,5
1390,27,2026-04-18,5
1391,27,2026-04-17,4
1392,27,2026-04-16,2
1393,27,2026-04-12,2
1394,27,2026-04-11,4
1395,27,2026-04-10,4
1396,27,2026-04-09,5
1397,27,2026-04-08,1
1398,27,2026-04-05,4
1399,27,2026-04-01,4
1400,27,2026-03-29,5
1401,27,2026-03-26,1
1402,27,2026-03-20,2
1403,27,2026-03-18,1
1404,28,2026-09-13,4
1405,28,2026-09-09,3
1406,28,2026-09-07,5
1407,28,2026-09-05,3
1408,28,2026-09-03,4
1409,28,2026-09-02,3
1410,28,2026-08-30,1
1411,28,2026-08-26,5
1412,28,2026-08-24,1
1413,28,2026-08-23,4
1414,28,2026-08-22,3
1415,28,2026-08-21,1
1416,28,2026-08-20,2
1417,28,2026-08-16,4
1418,28,2026-08-15,3
1419,28,2026-08-13,4
1420,28,2026-08-12,3
1421,28,2026-08-07,2
1422,28,2026-08-06,2
1423,28,2026-08-04,5
1424,28,2026-08-03,5
1425,28,2026-07-30,5
1426,28,2026-07-29,4
1427,28,2026-07-27,3
1428,28,2026-07-26,2
1429,28,2026-07-21,4
1430,28,2026-07-19,2
1431,28,2026-07-17,4
1432,28,2026-07-15,1
1433,28,2026-07-13,5
1434,28,2026-07-08,1
1435,28,2026-07-07,5
1436,28,2026-07-06,5
1437,28,2026-06-29,3
1438,28,2026-06-27,3
1439,28,2026-06-26,1
1440,28,2026-06-25,1
1441,28,2026-06-24,3
1442,28,2026-06-22,1
1443,28,2026-06-17,1
1444,28,2026-06-14,1
1445,28,2026-06-08,5
1446,28,2026-06-04,2
1447,28,2026-06-03,5
1448,28,2026-06-02,3
1449,28,2026-06-01,2
1450,28,2026-05-31,4
1451,28,2026-05-29,5
1452,28,2026-05-28,4
1453,28,2026-05-27,3
1454,28,2026-05-25,4
1455,28,2026-05-20,2
1456,28,2026-05-16,2
1457,28,2026-05-15,1
1458,28,2026-05-14,3
1459,28,2026-05-11,5
1460,28,2026-05-09,1
1461,28,2026-05-07,2
1462,28,2026-05-03,2
1463,28,2026-05-02,1
1464,28,2026-04-25,1
1465,28,2026-04-24,2
1466,28,2026-04-22,2
1467,28,2026-04-19,1
1468,28,2026-04-18,5
1469,28,2026-04-16,5
1470,28,2026-04-11,2
1471,28,2026-04-07,4
1472,28,2026-04-06,3
1473,28,2026-04-02,3
1474,28,2026-04-01,4
1475,28,2026-03-29,3
1476,28,2026-03-28,5
1477,28,2026-03-25,5
1478,28,2026-03-23,2
1479,28,2026-03-22,3
1480,28,2026-03-21,1
1481,28,2026-03-20,2
1482,28,2026-03-19,3
1483,29,2026-09-13,4
1484,29,2026-09-12,2
1485,29,2026-09-10,1
1486,29,2026-09-07,2
1487,29,2026-09-06,1
1488,29,2026-09-05,4
1489,29,2026-09-02,3
1490,29,2026-08-24,4
1491,29,2026-08-21,1
1492,29,2026-08-17,5
1493,29,2026-08-15,3
1494,29,2026-08-12,3
1495,29,2026-08-07,3
1496,29,2026-08-03,4
1497,29,2026-07-31,4
1498,29,2026-07-28,1
1499,29,2026-07-27,1
1500,29,2026-07-26,3
1501,29,2026-07-25,5
1502,29,2026-07-23,1
1503,29,2026-07-21,3
1504,29,2026-07-20,3
1505,29,2026-07-14,4
1506,29,2026-07-13,4
1507,29,2026-07-12,4
1508,29,2026-07-10,2
1509,29,2026-07-09,4
1510,29,2026-07-08,5
1511,29,2026-07-07,1
1512,29,2026-07-04,2
1513,29,2026-07-03,4
1514,29,2026-07-01,2
1515,29,2026-06-29,2
1516,29,2026-06-26,5
1517,29,2026-06-25,1
1518,29,2026-06-24,4
1519,29,2026-06-18,1
1520,29,2026-06-13,4
1521,29,2026-06-12,1
1522,29,2026-06-11,2
1523,29,2026-06-06,3
1524,29,2026-06-03,2
1525,29,2026-06-02,1
1526,29,2026-05-28,1
1527,29,2026-05-26,1
1528,29,2026-05-24,3
1529,29,2026-05-22,5
1530,29,2026-05-20,5
1531,29,2026-05-19,5
1532,29,2026-05-18,5
1533,29,2026-05-17,5
1534,29,2026-05-15,1
1535,29,2026-05-14,5
1536,29,2026-05-13,3
1537,29,2026-05-12,4
1538,29,2026-05-07,4
1539,29,2026-05-05,5
1540,29,2026-05-03,5
1541,29,2026-04-29,2
1542,29,2026-04-28,5
1543,29,2026-04-26,2
1544,29,2026-04-24,1
1545,29,2026-04-23,5
1546,29,2026-04-21,2
1547,29,2026-04-19,4
1548,29,2026-04-18,5
1549,29,2026-04-12,2
1550,29,2026-04-06,1
1551,29,2026-04-01,4
1552,29,2026-03-30,3
1553,29,2026-03-27,5
1554,29,2026-03-25,2
1555,29,2026-03-19,5
1556,29,2026-03-18,3
1557,30,2026-09-13,3
1558,30,2026-09-12,1
1559,30,2026-09-10,4
1560,30,2026-09-09,4
1561,30,2026-09-07,2
1562,30,2026-09-05,5
1563,30,2026-09-04,4
1564,30,2026-09-01,3
1565,30,2026-08-31,1
1566,30,2026-08-30,1
1567,30,2026-08-28,5
1568,30,2026-08-27,5
1569,30,2026-08-22,5
1570,30,2026-08-20,2
1571,30,2026-08-19,5
1572,30,2026-08-16,4
1573,30,2026-08-12,5
1574,30,2026-08-11,1
1575,30,2026-08-10,3
1576,30,2026-07-31,1
1577,30,2026-07-29,1
1578,30,2026-07-28,2
1579,30,2026-07-27,2
1580,30,2026-07-25,3
1581,30,2026-07-20,1
1582,30,2026-07-19,1
1583,30,2026-07-18,1
1584,30,2026-07-17,4
1585,30,2026-07-14,2
1586,30,2026-07-10,3
1587,30,2026-07-07,5
1588,30,2026-07-06,1
1589,30,2026-07-03,3
1590,30,2026-07-01,1
1591,30,2026-06-26,1
1592,30,2026-06-23,4
1593,30,2026-06-17,1
1594,30,2026-06-15,4
1595,30,2026-06-12,5
1596,30,2026-06-08,5
1597,30,2026-06-05,1
1598,30,2026-06-02,5
1599,30,2026-05-31,5
1600,30,2026-05-29,5
1601,30,2026-05-28,5
1602,30,2026-05-27,5
1603,30,2026-05-20,4
1604,30,2026-05-19,5
1605,30,2026-05-18,3
1606,30,2026-05-16,3
1607,30,2026-05-12,2
1608,30,2026-05-10,4
1609,30,2026-05-03,1
1610,30,2026-05-02,5
1611,30,2026-04-29,4
1612,30,2026-04-28,5
1613,30,2026-04-26,3
1614,30,2026-04-25,3
1615,30,2026-04-23,1
1616,30,2026-04-22,1
1617,30,2026-04-21,5
1618,30,2026-04-18,1
1619,30,2026-04-17,2
1620,30,2026-04-14,1
1621,30,2026-04-08,2
1622,30,2026-04-06,1
1623,30,2026-04-05,3
1624,30,2026-04-04,2
1625,30,2026-03-30,2
1626,30,2026-03-28,4
1627,30,2026-03-24,3
1628,30,2026-03-22,5
1629,30,2026-03-19,1
1630,32,2026-09-11,1
1631,32,2026-09-04,4
1632,32,2026-09-02,1
1633,32,2026-08-31,4
1634,32,2026-08-30,2
1635,32,2026-08-28,4
1636,32,2026-08-26,4
1637,32,2026-08-25,2
1638,32,2026-08-22,4
1639,32,2026-08-19,4
1640,32,2026-08-18,4
1641,32,2026-08-17,1
1642,32,2026-08-16,3
1643,32,2026-08-14,4
1644,32,2026-08-13,5
1645,32,2026-08-07,3
1646,32,2026-08-06,2
1647,32,2026-08-03,4
1648,32,2026-08-02,1
1649,32,2026-07-31,3
1650,32,2026-07-30,1
1651,32,2026-07-27,4
1652,32,2026-07-25,5
1653,32,2026-07-24,3
1654,32,2026-07-16,3
1655,32,2026-07-11,5
1656,32,2026-07-09,2
1657,32,2026-07-07,4
1658,32,2026-07-03,2
1659,32,2026-07-02,2
1660,32,2026-06-26,1
1661,32,2026-06-25,3
1662,32,2026-06-19,4
1663,32,2026-06-17,5
1664,32,2026-06-14,4
1665,32,2026-06-13,4
1666,32,2026-06-11,4
1667,32,2026-06-09,1
1668,32,2026-06-07,3
1669,32,2026-06-04,3
1670,32,2026-05-31,1
1671,32,2026-05-30,2
1672,32,2026-05-28,5
1673,32,2026-05-26,1
1674,32,2026-05-25,3
1675,32,2026-05-23,1
1676,32,2026-05-22,3
1677,32,2026-05-21,4
1678,32,2026-05-19,4
1679,32,2026-05-17,4
1680,32,2026-05-16,4
1681,32,2026-05-12,4
1682,32,2026-05-10,3
1683,32,2026-05-05,3
1684,32,2026-05-04,5
1685,32,2026-05-02,4
1686,32,2026-04-28,4
1687,32,2026-04-27,2
1688,32,2026-04-26,3
1689,32,2026-04-23,4
1690,32,2026-04-22,1
1691,32,2026-04-11,1
1692,32,2026-04-08,1
1693,32,2026-04-06,2
1694,32,2026-04-01,5
1695,32,2026-03-30,2
1696,32,2026-03-28,1
1697,32,2026-03-27,3
1698,32,2026-03-25,2
1699,32,2026-03-24,3
1700,32,2026-03-23,5
1701,32,2026-03-22,1
1702,32,2026-03-21,5
1703,33,2026-09-10,1
1704,33,2026-09-09,2
1705,33,2026-09-08,2
1706,33,2026-09-06,3
1707,33,2026-09-05,3
1708,33,2026-09-04,5
1709,33,2026-09-02,2
1710,33,2026-09-01,3
1711,33,2026-08-31,5
1712,33,2026-08-30,3
1713,33,2026-08-29,4
1714,33,2026-08-27,5
1715,33,2026-08-24,5
1716,33,2026-08-20,2
1717,33,2026-08-19,3
1718,33,2026-08-17,2
1719,33,2026-08-15,5
1720,33,2026-08-14,5
1721,33,2026-08-10,1
1722,33,2026-08-09,2
1723,33,2026-08-06,3
1724,33,2026-08-05,3
1725,33,2026-08-04,4
1726,33,2026-08-03,5
1727,33,2026-07-29,4
1728,33,2026-07-28,2
1729,33,2026-07-26,1
1730,33,2026-07-24,4
1731,33,2026-07-23,3
1732,33,2026-07-22,4
1733,33,2026-07-20,5
1734,33,2026-07-14,1
1735,33,2026-07-13,2
1736,33,2026-07-12,5
1737,33,2026-07-10,1
1738,33,2026-07-07,4
1739,33,2026-07-04,3
1740,33,2026-07-03,5
1741,33,2026-07-01,2
1742,33,2026-06-30,3
1743,33,2026-06-24,1
1744,33,2026-06-22,4
1745,33,2026-06-18,1
1746,33,2026-06-14,4
1747,33,2026-06-11,2
1748,33,2026-06-10,5
1749,33,2026-06-09,4
1750,33,2026-06-06,4
1751,33,2026-05-28,4
1752,33,2026-05-27,5
1753,33,2026-05-22,1
1754,33,2026-05-21,4
1755,33,2026-05-19,1
1756,33,2026-05-14,1
1757,33,2026-05-13,2
1758,33,2026-05-12,1
1759,33,2026-05-11,2
1760,33,2026-05-10,4
1761,33,2026-05-04,2
1762,33,2026-05-03,5
1763,33,2026-04-30,5
1764,33,2026-04-26,2
1765,33,2026-04-24,3
1766,33,2026-04-12,4
1767,33,2026-04-10,2
1768,33,2026-04-08,4
1769,33,2026-04-07,3
1770,33,2026-04-06,5
1771,33,2026-04-05,1
1772,33,2026-04-04,1
1773,33,2026-04-03,4
1774,33,2026-04-02,1
1775,33,2026-04-01,2
1776,33,2026-03-30,1
1777,33,2026-03-28,4
1778,33,2026-03-24,2
1779,33,2026-03-18,2
1780,34,2026-09-13,5
1781,34,2026-09-06,6
1782,34,2026-08-30,5
1783,34,2026-08-29,4
1784,34,2026-08-28,6
1785,34,2026-08-26,2
1786,34,2026-08-24,3
1787,34,2026-08-23,5
1788,34,2026-08-21,6
1789,34,2026-08-17,7
1790,34,2026-08-15,4
1791,34,2026-08-13,5
1792,34,2026-08-12,1
1793,34,2026-08-10,2
1794,34,2026-08-09,3
1795,34,2026-08-07,5
1796,34,2026-08-06,5
1797,34,2026-08-02,6
1798,34,2026-07-30,2
1799,34,2026-07-26,7
1800,34,2026-07-22,7
1801,34,2026-07-21,1
1802,34,2026-07-18,5
1803,34,2026-07-17,2
1804,34,2026-07-16,3
1805,34,2026-07-14,3
1806,34,2026-07-09,6
1807,34,2026-07-08,6
1808,34,2026-07-06,6
1809,34,2026-07-03,3
1810,34,2026-07-02,1
1811,34,2026-06-29,2
1812,34,2026-06-23,6
1813,34,2026-06-20,1
1814,34,2026-06-19,5
1815,34,2026-06-18,5
1816,34,2026-06-17,6
1817,34,2026-06-14,5
1818,34,2026-06-12,1
1819,34,2026-06-10,7
1820,34,2026-06-08,7
1821,34,2026-06-07,5
1822,34,2026-06-06,1
1823,34,2026-05-31,3
1824,34,2026-05-30,1
1825,34,2026-05-29,7
1826,34,2026-05-28,5
1827,34,2026-05-27,5
1828,34,2026-05-26,4
1829,34,2026-05-25,3
1830,34,2026-05-24,2
1831,34,2026-05-20,5
1832,34,2026-05-18,2
1833,34,2026-05-17,3
1834,34,2026-05-10,7
1835,34,2026-05-09,6
1836,34,2026-05-08,2
1837,34,2026-05-07,1
1838,34,2026-05-05,3
1839,34,2026-04-30,4
1840,34,2026-04-27,2
1841,34,2026-04-26,2
1842,34,2026-04-24,3
1843,34,2026-04-23,5
1844,34,2026-04-22,2
1845,34,2026-04-19,3
1846,34,2026-04-15,7
1847,34,2026-04-11,3
1848,34,2026-04-09,3
1849,34,2026-04-08,4
1850,34,2026-04-07,1
1851,34,2026-04-06,6
1852,34,2026-04-02,1
1853,34,2026-04-01,7
1854,34,2026-03-31,1
1855,34,2026-03-30,3
1856,34,2026-03-25,3
1857,34,2026-03-24,5
1858,34,2026-03-23,3
1859,34,2026-03-21,6
1860,34,2026-03-18,5
1861,35,2026-09-12,1
1862,35,2026-09-10,1
1863,35,2026-09-06,5
1864,35,2026-09-05,5
1865,35,2026-09-04,5
1866,35,2026-09-02,2
1867,35,2026-09-01,2
1868,35,2026-08-27,2
1869,35,2026-08-26,1
1870,35,2026-08-22,7
1871,35,2026-08-21,7
1872,35,2026-08-17,4
1873,35,2026-08-15,7
1874,35,2026-08-12,6
1875,35,2026-08-09,4
1876,35,2026-08-01,6
1877,35,2026-07-28,4
1878,35,2026-07-25,1
1879,35,2026-07-23,1
1880,35,2026-07-21,4
1881,35,2026-07-20,3
1882,35,2026-07-07,4
1883,35,2026-07-06,1
1884,35,2026-06-30,2
1885,35,2026-06-29,2
1886,35,2026-06-28,4
1887,35,2026-06-27,1
1888,35,2026-06-26,4
1889,35,2026-06-25,6
1890,35,2026-06-23,6
1891,35,2026-06-22,6
1892,35,2026-06-19,4
1893,35,2026-06-17,1
1894,35,2026-06-16,5
1895,35,2026-06-15,6
1896,35,2026-06-09,3
1897,35,2026-06-08,5
1898,35,2026-06-06,1
1899,35,2026-06-03,7
1900,35,2026-06-02,7
1901,35,2026-05-31,6
1902,35,2026-05-30,3
1903,35,2026-05-29,7
1904,35,2026-05-25,5
1905,35,2026-05-23,2
1906,35,2026-05-21,3
1907,35,2026-05-20,4
1908,35,2026-05-17,1
1909,35,2026-05-16,5
1910,35,2026-05-15,5
1911,35,2026-05-13,5
1912,35,2026-05-09,7
1913,35,2026-05-07,1
1914,35,2026-05-05,3
1915,35,2026-05-04,1
1916,35,2026-05-03,6
1917,35,2026-04-29,5
1918,35,2026-04-27,2
1919,35,2026-04-21,2
1920,35,2026-04-18,5
1921,35,2026-04-17,7
1922,35,2026-04-10,7
1923,35,2026-04-06,7
1924,35,2026-04-03,4
1925,35,2026-04-01,2
1926,35,2026-03-31,1
1927,35,2026-03-28,4
1928,35,2026-03-24,1
1929,35,2026-03-22,7
1930,35,2026-03-21,1
1931,35,2026-03-20,3
1932,35,2026-03-19,5
1933,35,2026-03-18,4
1934,36,2026-09-11,2
1935,36,2026-09-10,4
1936,36,2026-09-08,4
1937,36,2026-09-07,4
1938,36,2026-09-03,4
1939,36,2026-09-01,1
1940,36,2026-08-30,5
1941,36,2026-08-28,2
1942,36,2026-08-26,2
1943,36,2026-08-25,4
1944,36,2026-08-19,4
1945,36,2026-08-18,1
1946,36,2026-08-14,2
1947,36,2026-08-11,4
1948,36,2026-08-08,4
1949,36,2026-08-04,3
1950,36,2026-08-02,1
1951,36,2026-08-01,4
1952,36,2026-07-31,4
1953,36,2026-07-27,1
1954,36,2026-07-24,5
1955,36,2026-07-22,3
1956,36,2026-07-19,5
1957,36,2026-07-18,3
1958,36,2026-07-17,1
1959,36,2026-07-12,3
1960,36,2026-07-11,1
1961,36,2026-07-10,4
1962,36,2026-07-06,1
1963,36,2026-07-02,1
1964,36,2026-07-01,4
1965,36,2026-06-30,3
1966,36,2026-06-26,3
1967,36,2026-06-25,1
1968,36,2026-06-22,4
1969,36,2026-06-17,1
1970,36,2026-06-16,4
1971,36,2026-06-15,5
1972,36,2026-06-12,2
1973,36,2026-06-11,3
1974,36,2026-06-04,5
1975,36,2026-05-31,2
1976,36,2026-05-30,3
1977,36,2026-05-28,1
1978,36,2026-05-27,2
1979,36,2026-05-24,3
1980,36,2026-05-21,4
1981,36,2026-05-20,4
1982,36,2026-05-17,3
1983,36,2026-05-12,1
1984,36,2026-05-11,5
1985,36,2026-05-10,1
1986,36,2026-05-08,5
1987,36,2026-05-07,1
1988,36,2026-05-03,5
1989,36,2026-05-01,3
1990,36,2026-04-30,3
1991,36,2026-04-27,3
1992,36,2026-04-23,2
1993,36,2026-04-16,1
1994,36,2026-04-12,2
1995,36,2026-04-08,2
1996,36,2026-04-07,3
1997,36,2026-04-06,2
1998,36,2026-04-01,3
1999,36,2026-03-31,3
2000,36,2026-03-30,5
2001,36,2026-03-26,2
2002,36,2026-03-25,4
2003,36,2026-03-23,4
2004,36,2026-03-21,5
2005,36,2026-03-18,2
2006,37,2026-09-11,1
2007,37,2026-09-09,5
2008,37,2026-09-06,1
2009,37,2026-09-05,3
2010,37,2026-09-04,5
2011,37,2026-08-31,2
2012,37,2026-08-30,5
2013,37,2026-08-29,4
2014,37,2026-08-28,4
2015,37,2026-08-24,3
2016,37,2026-08-23,2
2017,37,2026-08-19,5
2018,37,2026-08-17,2
2019,37,2026-08-16,1
2020,37,2026-08-13,1
2021,37,2026-08-11,5
2022,37,2026-08-10,1
2023,37,2026-08-06,3
2024,37,2026-08-05,5
2025,37,2026-08-02,4
2026,37,2026-07-28,5
2027,37,2026-07-24,3
2028,37,2026-07-22,5
2029,37,2026-07-21,2
2030,37,2026-07-17,4
2031,37,2026-07-15,3
2032,37,2026-07-11,4
2033,37,2026-07-09,4
2034,37,2026-07-08,1
2035,37,2026-07-06,3
2036,37,2026-07-05,4
2037,37,2026-07-03,2
2038,37,2026-06-29,3
2039,37,2026-06-28,2
2040,37,2026-06-25,3
2041,37,2026-06-24,3
2042,37,2026-06-22,4
2043,37,2026-06-19,2
2044,37,2026-06-16,3
2045,37,2026-06-15,5
2046,37,2026-06-08,1
2047,37,2026-06-06,5
2048,37,2026-06-03,4
2049,37,2026-06-01,5
2050,37,2026-05-31,3
2051,37,2026-05-29,4
2052,37,2026-05-28,4
2053,37,2026-05-19,1
2054,37,2026-05-18,1
2055,37,2026-05-17,2
2056,37,2026-05-13,2
2057,37,2026-05-11,2
2058,37,2026-05-09,4
2059,37,2026-05-07,4
2060,37,2026-05-06,1
2061,37,2026-05-05,3
2062,37,2026-05-02,5
2063,37,2026-05-01,1
2064,37,2026-04-28,2
2065,37,2026-04-22,1
2066,37,2026-04-21,5
2067,37,2026-04-20,3
2068,37,2026-04-15,4
2069,37,2026-04-14,2
2070,37,2026-04-13,1
2071,37,2026-04-12,5
2072,37,2026-04-10,4
2073,37,2026-04-09,3
2074,37,2026-04-05,3
2075,37,2026-03-31,1
2076,37,2026-03-28,1
2077,37,2026-03-27,1
2078,37,2026-03-26,1
2079,37,2026-03-22,1
2080,37,2026-03-20,5
2081,37,2026-03-19,5
2082,38,2026-09-13,3
2083,38,2026-09-11,1
2084,38,2026-09-10,2
2085,38,2026-09-09,6
2086,38,2026-09-07,3
2087,38,2026-09-05,7
2088,38,2026-09-01,4
2089,38,2026-08-31,2
2090,38,2026-08-29,2
2091,38,2026-08-26,1
2092,38,2026-08-25,2
2093,38,2026-08-24,3
2094,38,2026-08-23,1
2095,38,2026-08-22,3
2096,38,2026-08-18,5
2097,38,2026-08-17,4
2098,38,2026-08-14,2
2099,38,2026-08-13,1
2100,38,2026-08-12,1
2101,38,2026-08-11,6
2102,38,2026-08-08,1
2103,38,2026-08-06,5
2104,38,2026-08-04,6
2105,38,2026-07-30,5
2106,38,2026-07-27,2
2107,38,2026-07-26,5
2108,38,2026-07-25,5
2109,38,2026-07-20,3
2110,38,2026-07-19,1
2111,38,2026-07-17,7
2112,38,2026-07-15,3
2113,38,2026-07-14,7
2114,38,2026-07-13,6
2115,38,2026-07-11,1
2116,38,2026-07-08,6
2117,38,2026-07-07,5
2118,38,2026-07-04,3
2119,38,2026-07-03,1
2120,38,2026-06-30,2
2121,38,2026-06-27,6
2122,38,2026-06-20,4
2123,38,2026-06-19,4
2124,38,2026-06-18,3
2125,38,2026-06-17,2
2126,38,2026-06-16,1
2127,38,2026-06-11,1
2128,38,2026-06-10,4
2129,38,2026-06-06,4
2130,38,2026-06-04,2
2131,38,2026-06-03,1
2132,38,2026-06-01,7
2133,38,2026-05-31,6
2134,38,2026-05-25,7
2135,38,2026-05-22,5
2136,38,2026-05-20,1
2137,38,2026-05-13,7
2138,38,2026-05-12,2
2139,38,2026-05-07,2
2140,38,2026-05-05,7
2141,38,2026-05-03,3
2142,38,2026-05-01,6
2143,38,2026-04-26,5
2144,38,2026-04-25,6
2145,38,2026-04-24,2
2146,38,2026-04-22,4
2147,38,2026-04-21,5
2148,38,2026-04-20,2
2149,38,2026-04-19,3
2150,38,2026-04-17,3
2151,38,2026-04-15,7
2152,38,2026-04-13,1
2153,38,2026-04-09,6
2154,38,2026-04-05,5
2155,38,2026-04-04,6
2156,38,2026-04-01,1
2157,38,2026-03-27,5
2158,38,2026-03-24,3
2159,38,2026-03-20,7
2160,38,2026-03-19,4
2161,39,2026-09-11,5
2162,39,2026-09-08,1
2163,39,2026-09-06,1
2164,39,2026-09-03,4
2165,39,2026-08-31,3
2166,39,2026-08-30,2
2167,39,2026-08-27,2
2168,39,2026-08-25,1
2169,39,2026-08-21,5
2170,39,2026-08-20,1
2171,39,2026-08-19,1
2172,39,2026-08-17,4
2173,39,2026-08-15,3
2174,39,2026-08-10,2
2175,39,2026-08-09,4
2176,39,2026-08-08,3
2177,39,2026-08-04,1
2178,39,2026-07-29,3
2179,39,2026-07-26,5
2180,39,2026-07-24,5
2181,39,2026-07-21,3
2182,39,2026-07-11,3
2183,39,2026-07-10,4
2184,39,2026-07-07,5
2185,39,2026-07-06,1
2186,39,2026-07-02,4
2187,39,2026-07-01,1
2188,39,2026-06-25,5
2189,39,2026-06-22,5
2190,39,2026-06-18,2
2191,39,2026-06-11,4
2192,39,2026-06-06,5
2193,39,2026-06-05,2
2194,39,2026-06-02,3
2195,39,2026-06-01,3
2196,39,2026-05-31,3
2197,39,2026-05-29,5
2198,39,2026-05-27,4
2199,39,2026-05-24,4
2200,39,2026-05-22,5
2201,39,2026-05-19,1
2202,39,2026-05-17,5
2203,39,2026-05-16,3
2204,39,2026-05-15,2
2205,39,2026-05-08,1
2206,39,2026-05-02,3
2207,39,2026-04-29,1
2208,39,2026-04-28,1
2209,39,2026-04-26,3
2210,39,2026-04-23,2
2211,39,2026-04-22,5
2212,39,2026-04-21,3
2213,39,2026-04-16,2
2214,39,2026-04-15,3
2215,39,2026-04-09,5
2216,39,2026-04-07,3
2217,39,2026-04-03,5
2218,39,2026-04-01,1
2219,39,2026-03-31,2
2220,39,2026-03-29,1
2221,39,2026-03-28,5
2222,39,2026-03-25,5
2223,39,2026-03-24,1
2224,39,2026-03-23,2
2225,39,2026-03-22,1
2226,39,2026-03-19,5
2227,40,2026-09-12,6
2228,40,2026-09-10,6
2229,40,2026-09-08,3
2230,40,2026-09-02,6
2231,40,2026-09-01,1
2232,40,2026-08-31,7
2233,40,2026-08-30,5
2234,40,2026-08-28,7
2235,40,2026-08-27,6
2236,40,2026-08-25,5
2237,40,2026-08-22,7
2238,40,2026-08-19,7
2239,40,2026-08-17,1
2240,40,2026-08-15,5
2241,40,2026-08-13,4
2242,40,2026-08-12,6
2243,40,2026-08-10,4
2244,40,2026-08-08,6
2245,40,2026-08-07,3
2246,40,2026-08-02,1
2247,40,2026-07-30,7
2248,40,2026-07-29,4
2249,40,2026-07-25,7
2250,40,2026-07-21,1
2251,40,2026-07-20,5
2252,40,2026-07-19,7
2253,40,2026-07-18,1
2254,40,2026-07-16,2
2255,40,2026-07-15,7
2256,40,2026-07-04,6
2257,40,2026-07-01,4
2258,40,2026-06-30,1
2259,40,2026-06-24,4
2260,40,2026-06-20,3
2261,40,2026-06-17,4
2262,40,2026-06-16,7
2263,40,2026-06-14,4
2264,40,2026-06-13,4
2265,40,2026-06-07,3
2266,40,2026-06-06,5
2267,40,2026-06-05,2
2268,40,2026-06-04,1
2269,40,2026-06-03,3
2270,40,2026-06-02,7
2271,40,2026-06-01,2
2272,40,2026-05-31,3
2273,40,2026-05-29,6
2274,40,2026-05-28,4
2275,40,2026-05-25,6
2276,40,2026-05-22,5
2277,40,2026-05-18,7
2278,40,2026-05-16,2
2279,40,2026-05-15,6
2280,40,2026-05-13,4
2281,40,2026-05-12,4
2282,40,2026-05-08,5
2283,40,2026-05-07,5
2284,40,2026-05-05,1
2285,40,2026-05-02,7
2286,40,2026-04-30,6
2287,40,2026-04-27,5
2288,40,2026-04-26,2
2289,40,2026-04-25,1
2290,40,2026-04-23,2
2291,40,2026-04-21,1
2292,40,2026-04-20,3
2293,40,2026-04-19,4
2294,40,2026-04-18,4
2295,40,2026-04-13,1
2296,40,2026-04-09,3
2297,40,2026-04-08,6
2298,40,2026-04-07,5
2299,40,2026-04-06,1
2300,40,2026-04-02,7
2301,40,2026-04-01,3
2302,40,2026-03-30,6
2303,40,2026-03-26,2
2304,40,2026-03-25,7
2305,40,2026-03-23,7
2306,40,2026-03-20,4
2307,42,2026-09-13,5
2308,42,2026-09-10,4
2309,42,2026-09-08,1
2310,42,2026-09-06,5
2311,42,2026-08-25,4
2312,42,2026-08-23,1
2313,42,2026-08-20,3
2314,42,2026-08-19,5
2315,42,2026-08-06,3
2316,42,2026-08-04,3
2317,42,2026-07-29,4
2318,42,2026-07-28,4
2319,42,2026-07-27,4
2320,42,2026-07-26,3
2321,42,2026-07-25,2
2322,42,2026-07-24,5
2323,42,2026-07-21,4
2324,42,2026-07-20,4
2325,42,2026-07-17,1
2326,42,2026-07-16,1
2327,42,2026-07-13,2
2328,42,2026-07-04,1
2329,42,2026-07-01,2
2330,42,2026-06-27,1
2331,42,2026-06-26,4
2332,42,2026-06-25,5
2333,42,2026-06-24,4
2334,42,2026-06-22,2
2335,42,2026-06-21,3
2336,42,2026-06-18,5
2337,42,2026-06-17,5
2338,42,2026-06-16,3
2339,42,2026-06-10,5
2340,42,2026-06-07,5
2341,42,2026-06-06,3
2342,42,2026-06-04,4
2343,42,2026-05-31,2
2344,42,2026-05-27,3
2345,42,2026-05-23,2
2346,42,2026-05-22,3
2347,42,2026-05-21,5
2348,42,2026-05-18,1
2349,42,2026-05-16,1
2350,42,2026-05-08,1
2351,42,2026-05-02,5
2352,42,2026-05-01,4
2353,42,2026-04-30,1
2354,42,2026-04-29,3
2355,42,2026-04-28,1
2356,42,2026-04-23,4
2357,42,2026-04-22,4
2358,42,2026-04-20,5
2359,42,2026-04-19,3
2360,42,2026-04-11,5
2361,42,2026-04-08,2
2362,42,2026-04-07,5
2363,42,2026-04-04,5
2364,42,2026-04-01,1
2365,42,2026-03-29,3
2366,42,2026-03-27,2
2367,42,2026-03-25,2
2368,42,2026-03-23,5
2369,42,2026-03-21,3
2370,42,2026-03-19,1
2371,43,2026-09-09,7
2372,43,2026-09-04,3
2373,43,2026-09-03,1
2374,43,2026-09-02,3
2375,43,2026-08-27,3
2376,43,2026-08-25,1
2377,43,2026-08-23,6
2378,43,2026-08-21,3
2379,43,2026-08-20,4
2380,43,2026-08-19,6
2381,43,2026-08-18,2
2382,43,2026-08-17,3
2383,43,2026-08-10,7
2384,43,2026-08-07,2
2385,43,2026-08-06,7
2386,43,2026-08-04,2
2387,43,2026-08-02,7
2388,43,2026-08-01,2
2389,43,2026-07-30,2
2390,43,2026-07-29,5
2391,43,2026-07-27,7
2392,43,2026-07-26,3
2393,43,2026-07-24,1
2394,43,2026-07-23,5
2395,43,2026-07-19,3
2396,43,2026-07-15,2
2397,43,2026-07-13,4
2398,43,2026-07-11,5
2399,43,2026-07-08,1
2400,43,2026-07-06,4
2401,43,2026-07-05,7
2402,43,2026-07-01,4
2403,43,2026-06-25,5
2404,43,2026-06-23,7
2405,43,2026-06-22,2
2406,43,2026-06-19,6
2407,43,2026-06-16,5
2408,43,2026-06-15,1
2409,43,2026-06-13,2
2410,43,2026-06-09,7
2411,43,2026-06-08,5
2412,43,2026-06-07,7
2413,43,2026-06-01,2
2414,43,2026-05-29,1
2415,43,2026-05-28,7
2416,43,2026-05-25,4
2417,43,2026-05-23,4
2418,43,2026-05-21,7
2419,43,2026-05-20,6
2420,43,2026-05-19,1
2421,43,2026-05-18,6
2422,43,2026-05-15,5
2423,43,2026-05-07,7
2424,43,2026-04-29,4
2425,43,2026-04-28,1
2426,43,2026-04-27,7
2427,43,2026-04-26,3
2428,43,2026-04-24,2
2429,43,2026-04-23,1
2430,43,2026-04-22,2
2431,43,2026-04-20,4
2432,43,2026-04-15,5
2433,43,2026-04-11,5
2434,43,2026-04-08,1
2435,43,2026-04-06,4
2436,43,2026-04-05,5
2437,43,2026-04-04,5
2438,43,2026-04-03,7
2439,43,2026-03-31,5
2440,43,2026-03-29,4
2441,43,2026-03-27,6
2442,43,2026-03-25,2
2443,43,2026-03-24,2
2444,43,2026-03-22,6
2445,43,2026-03-21,1
2446,43,2026-03-20,3
2447,45,2026-09-12,4
2448,45,2026-09-08,2
2449,45,2026-09-07,7
2450,45,2026-09-04,6
2451,45,2026-09-02,6
2452,45,2026-08-27,2
2453,45,2026-08-15,5
2454,45,2026-08-14,1
2455,45,2026-08-11,9
2456,45,2026-08-10,9
2457,45,2026-08-09,9
2458,45,2026-08-05,8
2459,45,2026-08-04,7
2460,45,2026-07-31,8
2461,45,2026-07-29,7
2462,45,2026-07-26,5
2463,45,2026-07-25,4
2464,45,2026-07-24,6
2465,45,2026-07-22,2
2466,45,2026-07-19,6
2467,45,2026-07-16,6
2468,45,2026-07-14,4
2469,45,2026-07-09,4
2470,45,2026-07-06,7
2471,45,2026-07-04,6
2472,45,2026-07-02,1
2473,45,2026-06-30,6
2474,45,2026-06-28,5
2475,45,2026-06-26,6
2476,45,2026-06-25,4
2477,45,2026-06-24,6
2478,45,2026-06-23,4
2479,45,2026-06-21,8
2480,45,2026-06-19,8
2481,45,2026-06-18,3
2482,45,2026-06-17,3
2483,45,2026-06-16,8
2484,45,2026-06-15,3
2485,45,2026-06-13,5
2486,45,2026-06-11,8
2487,45,2026-06-06,1
2488,45,2026-06-05,8
2489,45,2026-06-04,3
2490,45,2026-05-26,2
2491,45,2026-05-25,6
2492,45,2026-05-24,1
2493,45,2026-05-18,2
2494,45,2026-05-16,8
2495,45,2026-05-15,9
2496,45,2026-05-14,8
2497,45,2026-05-13,6
2498,45,2026-05-06,1
2499,45,2026-05-04,4
2500,45,2026-05-03,3
2501,45,2026-04-30,2
2502,45,2026-04-28,3
2503,45,2026-04-26,5
2504,45,2026-04-23,9
2505,45,2026-04-22,1
2506,45,2026-04-18,8
2507,45,2026-04-17,3
2508,45,2026-04-15,5
2509,45,2026-04-13,9
2510,45,2026-04-07,9
2511,45,2026-03-30,2
2512,45,2026-03-29,7
2513,45,2026-03-25,9
2514,45,2026-03-24,1
2515,45,2026-03-23,1
2516,45,2026-03-21,6
2517,45,2026-03-20,1
2518,45,2026-03-19,9
2519,46,2026-09-12,3
2520,46,2026-09-11,5
2521,46,2026-09-09,2
2522,46,2026-09-05,4
2523,46,2026-09-02,2
2524,46,2026-08-30,2
2525,46,2026-08-27,2
2526,46,2026-08-25,5
2527,46,2026-08-24,3
2528,46,2026-08-20,6
2529,46,2026-08-17,4
2530,46,2026-08-16,7
2531,46,2026-08-15,4
2532,46,2026-08-13,7
2533,46,2026-08-12,5
2534,46,2026-08-09,2
2535,46,2026-08-07,3
2536,46,2026-08-06,3
2537,46,2026-08-05,5
2538,46,2026-08-04,3
2539,46,2026-08-03,1
2540,46,2026-08-02,2
2541,46,2026-07-31,2
2542,46,2026-07-30,5
2543,46,2026-07-28,6
2544,46,2026-07-24,4
2545,46,2026-07-23,2
2546,46,2026-07-22,2
2547,46,2026-07-21,6
2548,46,2026-07-18,6
2549,46,2026-07-16,5
2550,46,2026-07-15,1
2551,46,2026-07-13,2
2552,46,2026-07-12,6
2553,46,2026-07-11,7
2554,46,2026-07-10,5
2555,46,2026-07-09,1
2556,46,2026-07-06,1
2557,46,2026-07-05,1
2558,46,2026-07-02,3
2559,46,2026-07-01,7
2560,46,2026-06-29,2
2561,46,2026-06-28,6
2562,46,2026-06-25,6
2563,46,2026-06-24,7
2564,46,2026-06-11,1
2565,46,2026-06-10,3
2566,46,2026-06-09,1
2567,46,2026-06-08,1
2568,46,2026-06-07,3
2569,46,2026-06-06,3
2570,46,2026-06-04,7
2571,46,2026-06-01,7
2572,46,2026-05-28,4
2573,46,2026-05-22,7
2574,46,2026-05-21,6
2575,46,2026-05-19,6
2576,46,2026-05-16,3
2577,46,2026-05-11,5
2578,46,2026-05-10,7
2579,46,2026-05-03,7
2580,46,2026-05-01,7
2581,46,2026-04-30,4
2582,46,2026-04-23,6
2583,46,2026-04-21,7
2584,46,2026-04-20,5
2585,46,2026-04-16,6
2586,46,2026-04-15,7
2587,46,2026-04-10,1
2588,46,2026-04-09,1
2589,46,2026-04-04,4
2590,46,2026-04-03,6
2591,46,2026-04-01,7
2592,46,2026-03-30,3
2593,46,2026-03-29,2
2594,46,2026-03-27,1
2595,46,2026-03-23,7
2596,46,2026-03-22,7
2597,46,2026-03-21,4
2598,46,2026-03-18,5
2599,47,2026-09-08,1
2600,47,2026-09-06,5
2601,47,2026-09-02,7
2602,47,2026-09-01,2
2603,47,2026-08-26,7
2604,47,2026-08-20,3
2605,47,2026-08-16,4
2606,47,2026-08-15,5
2607,47,2026-08-14,2
2608,47,2026-08-13,6
2609,47,2026-08-10,5
2610,47,2026-08-09,2
2611,47,2026-08-07,9
2612,47,2026-08-06,1
2613,47,2026-08-03,1
2614,47,2026-08-02,6
2615,47,2026-08-01,3
2616,47,2026-07-30,7
2617,47,2026-07-25,8
2618,47,2026-07-20,5
2619,47,2026-07-16,6
2620,47,2026-07-13,6
2621,47,2026-07-09,2
2622,47,2026-07-06,8
2623,47,2026-07-04,4
2624,47,2026-06-27,8
2625,47,2026-06-16,9
2626,47,2026-06-15,8
2627,47,2026-06-13,5
2628,47,2026-06-12,1
2629,47,2026-06-09,6
2630,47,2026-06-05,2
2631,47,2026-05-30,6
2632,47,2026-05-29,2
2633,47,2026-05-24,9
2634,47,2026-05-23,1
2635,47,2026-05-22,4
2636,47,2026-05-20,2
2637,47,2026-05-14,6
2638,47,2026-05-11,1
2639,47,2026-05-10,3
2640,47,2026-05-08,6
2641,47,2026-05-06,9
2642,47,2026-05-04,1
2643,47,2026-05-03,7
2644,47,2026-04-29,9
2645,47,2026-04-27,2
2646,47,2026-04-24,8
2647,47,2026-04-19,6
2648,47,2026-04-14,5
2649,47,2026-04-13,5
2650,47,2026-04-12,3
2651,47,2026-04-10,4
2652,47,2026-04-09,4
2653,47,2026-04-06,6
2654,47,2026-04-05,3
2655,47,2026-04-02,1
2656,47,2026-03-31,3
2657,47,2026-03-29,7
2658,47,2026-03-28,6
2659,47,2026-03-24,2
2660,47,2026-03-21,7
2661,47,2026-03-19,2
2662,47,2026-03-18,5
2663,49,2026-09-08,4
2664,49,2026-09-05,5
2665,49,2026-09-04,1
2666,49,2026-09-02,1
2667,49,2026-08-27,6
2668,49,2026-08-25,2
2669,49,2026-08-23,5
2670,49,2026-08-22,4
2671,49,2026-08-19,7
2672,49,2026-08-11,2
2673,49,2026-08-10,4
2674,49,2026-08-09,6
2675,49,2026-08-07,1
2676,49,2026-07-29,7
2677,49,2026-07-28,1
2678,49,2026-07-26,7
2679,49,2026-07-23,6
2680,49,2026-07-15,3
2681,49,2026-07-13,1
2682,49,2026-07-12,4
2683,49,2026-07-08,1
2684,49,2026-07-07,6
2685,49,2026-07-06,6
2686,49,2026-07-04,7
2687,49,2026-06-30,4
2688,49,2026-06-29,7
2689,49,2026-06-27,3
2690,49,2026-06-26,7
2691,49,2026-06-25,4
2692,49,2026-06-13,3
2693,49,2026-06-12,3
2694,49,2026-06-11,3
2695,49,2026-06-10,5
2696,49,2026-06-07,3
2697,49,2026-06-04,2
2698,49,2026-06-01,7
2699,49,2026-05-31,1
2700,49,2026-05-29,2
2701,49,2026-05-26,3
2702,49,2026-05-25,4
2703,49,2026-05-21,4
2704,49,2026-05-19,2
2705,49,2026-05-18,5
2706,49,2026-05-15,5
2707,49,2026-05-11,5
2708,49,2026-05-02,5
2709,49,2026-04-30,6
2710,49,2026-04-29,3
2711,49,2026-04-24,6
2712,49,2026-04-21,4
2713,49,2026-04-20,3
2714,49,2026-04-16,5
2715,49,2026-04-13,1
2716,49,2026-04-12,5
2717,49,2026-04-01,1
2718,49,2026-03-30,6
2719,49,2026-03-27,5
2720,49,2026-03-25,4
2721,49,2026-03-23,3
2722,49,2026-03-20,3
2723,51,2026-09-09,7
2724,51,2026-09-07,1
2725,51,2026-09-06,3
2726,51,2026-09-05,7
2727,51,2026-09-04,1
2728,51,2026-09-03,1
2729,51,2026-09-02,2
2730,51,2026-08-31,1
2731,51,2026-08-29,7
2732,51,2026-08-26,5
2733,51,2026-08-24,3
2734,51,2026-08-20,6
2735,51,2026-08-18,3
2736,51,2026-08-16,7
2737,51,2026-08-15,5
2738,51,2026-08-14,1
2739,51,2026-08-13,7
2740,51,2026-08-12,3
2741,51,2026-08-10,5
2742,51,2026-08-08,7
2743,51,2026-08-05,1
2744,51,2026-08-04,1
2745,51,2026-07-31,3
2746,51,2026-07-28,3
2747,51,2026-07-27,3
2748,51,2026-07-18,4
2749,51,2026-07-17,3
2750,51,2026-07-15,4
2751,51,2026-07-12,7
2752,51,2026-07-11,6
2753,51,2026-07-07,2
2754,51,2026-07-06,4
2755,51,2026-06-30,4
2756,51,2026-06-27,2
2757,51,2026-06-26,5
2758,51,2026-06-17,4
2759,51,2026-06-16,2
2760,51,2026-06-15,1
2761,51,2026-06-14,4
2762,51,2026-06-12,1
2763,51,2026-06-09,3
2764,51,2026-06-08,4
2765,51,2026-06-04,3
2766,51,2026-06-03,3
2767,51,2026-06-01,6
2768,51,2026-05-31,7
2769,51,2026-05-28,4
2770,51,2026-05-26,1
2771,51,2026-05-24,5
2772,51,2026-05-22,2
2773,51,2026-05-18,4
2774,51,2026-05-07,4
2775,51,2026-05-06,5
2776,51,2026-05-05,7
2777,51,2026-04-30,7
2778,51,2026-04-27,4
2779,51,2026-04-24,5
2780,51,2026-04-19,1
2781,51,2026-04-14,2
2782,51,2026-04-09,4
2783,51,2026-04-05,6
2784,51,2026-04-02,1
2785,51,2026-03-29,1
2786,51,2026-03-23,5
2787,51,2026-03-22,6
2788,51,2026-03-21,2
2789,51,2026-03-19,3
2790,52,2026-09-13,2
2791,52,2026-09-10,6
2792,52,2026-09-08,7
2793,52,2026-09-07,5
2794,52,2026-09-06,4
2795,52,2026-08-31,4
2796,52,2026-08-27,4
2797,52,2026-08-25,4
2798,52,2026-08-18,7
2799,52,2026-08-16,5
2800,52,2026-08-15,3
2801,52,2026-08-13,1
2802,52,2026-08-10,6
2803,52,2026-08-08,1
2804,52,2026-08-01,3
2805,52,2026-07-31,2
2806,52,2026-07-30,1
2807,52,2026-07-27,1
2808,52,2026-07-26,6
2809,52,2026-07-23,2
2810,52,2026-07-22,5
2811,52,2026-07-20,3
2812,52,2026-07-13,1
2813,52,2026-07-08,3
2814,52,2026-07-06,2
2815,52,2026-07-02,5
2816,52,2026-06-30,4
2817,52,2026-06-29,7
2818,52,2026-06-28,7
2819,52,2026-06-27,4
2820,52,2026-06-25,3
2821,52,2026-06-22,3
2822,52,2026-06-20,2
2823,52,2026-06-19,6
2824,52,2026-06-16,1
2825,52,2026-06-10,3
2826,52,2026-06-08,4
2827,52,2026-06-06,2
2828,52,2026-05-31,2
2829,52,2026-05-26,4
2830,52,2026-05-24,5
2831,52,2026-05-21,6
2832,52,2026-05-20,3
2833,52,2026-05-14,2
2834,52,2026-05-13,4
2835,52,2026-05-12,1
2836,52,2026-05-08,1
2837,52,2026-05-07,2
2838,52,2026-05-01,2
2839,52,2026-04-29,4
2840,52,2026-04-28,2
2841,52,2026-04-14,5
2842,52,2026-04-10,6
2843,52,2026-04-08,5
2844,52,2026-04-05,2
2845,52,2026-04-03,3
2846,52,2026-04-01,5
2847,52,2026-03-31,1
2848,52,2026-03-30,7
2849,52,2026-03-25,5
2850,52,2026-03-24,4
2851,52,2026-03-21,6
2852,52,2026-03-20,1
2853,53,2026-09-13,4
2854,53,2026-09-11,9
2855,53,2026-09-09,6
2856,53,2026-09-05,4
2857,53,2026-09-03,8
2858,53,2026-09-02,4
2859,53,2026-09-01,1
2860,53,2026-08-30,7
2861,53,2026-08-29,8
2862,53,2026-08-27,2
2863,53,2026-08-25,5
2864,53,2026-08-22,4
2865,53,2026-08-21,7
2866,53,2026-08-18,7
2867,53,2026-08-16,1
2868,53,2026-08-15,7
2869,53,2026-08-12,1
2870,53,2026-08-11,8
2871,53,2026-08-09,3
2872,53,2026-08-08,3
2873,53,2026-08-04,3
2874,53,2026-08-03,8
2875,53,2026-08-02,1
2876,53,2026-08-01,5
2877,53,2026-07-30,7
2878,53,2026-07-28,3
2879,53,2026-07-27,4
2880,53,2026-07-26,9
2881,53,2026-07-24,3
2882,53,2026-07-18,5
2883,53,2026-07-16,5
2884,53,2026-07-12,7
2885,53,2026-07-11,5
2886,53,2026-07-10,9
2887,53,2026-07-09,9
2888,53,2026-07-07,7
2889,53,2026-07-06,5
2890,53,2026-07-05,8
2891,53,2026-07-02,5
2892,53,2026-06-30,9
2893,53,2026-06-29,8
2894,53,2026-06-28,7
2895,53,2026-06-26,4
2896,53,2026-06-23,2
2897,53,2026-06-21,2
2898,53,2026-06-20,3
2899,53,2026-06-16,6
2900,53,2026-06-13,7
2901,53,2026-06-09,8
2902,53,2026-06-08,7
2903,53,2026-06-04,1
2904,53,2026-05-26,6
2905,53,2026-05-25,9
2906,53,2026-05-19,7
2907,53,2026-05-16,1
2908,53,2026-05-15,6
2909,53,2026-05-11,6
2910,53,2026-05-10,8
2911,53,2026-05-09,5
2912,53,2026-05-08,8
2913,53,2026-05-05,2
2914,53,2026-05-04,9
2915,53,2026-05-03,9
2916,53,2026-05-02,1
2917,53,2026-05-01,6
2918,53,2026-04-28,4
2919,53,2026-04-25,8
2920,53,2026-04-24,1
2921,53,2026-04-23,8
2922,53,2026-04-20,2
2923,53,2026-04-19,4
2924,53,2026-04-15,7
2925,53,2026-04-14,5
2926,53,2026-04-13,5
2927,53,2026-04-11,3
2928,53,2026-04-07,1
2929,53,2026-04-03,1
2930,53,2026-04-02,8
2931,53,2026-03-30,5
2932,53,2026-03-29,2
2933,53,2026-03-28,2
2934,53,2026-03-27,4
2935,54,2026-09-12,4
2936,54,2026-09-11,1
2937,54,2026-09-09,4
2938,54,2026-09-04,5
2939,54,2026-09-03,1
2940,54,2026-09-02,2
2941,54,2026-09-01,5
2942,54,2026-08-31,3
2943,54,2026-08-30,4
2944,54,2026-08-26,3
2945,54,2026-08-25,5
2946,54,2026-08-24,2
2947,54,2026-08-21,3
2948,54,2026-08-17,4
2949,54,2026-08-16,2
2950,54,2026-08-14,1
2951,54,2026-08-13,3
2952,54,2026-08-12,1
2953,54,2026-08-11,4
2954,54,2026-08-06,4
2955,54,2026-08-02,2
2956,54,2026-07-31,1
2957,54,2026-07-30,1
2958,54,2026-07-28,1
2959,54,2026-07-27,5
2960,54,2026-07-21,5
2961,54,2026-07-19,4
2962,54,2026-07-18,2
2963,54,2026-07-17,4
2964,54,2026-07-16,3
2965,54,2026-07-14,4
2966,54,2026-07-13,3
2967,54,2026-07-09,1
2968,54,2026-07-08,3
2969,54,2026-07-07,3
2970,54,2026-07-05,2
2971,54,2026-07-04,3
2972,54,2026-07-03,5
2973,54,2026-06-30,2
2974,54,2026-06-24,1
2975,54,2026-06-18,3
2976,54,2026-06-07,4
2977,54,2026-06-04,3
2978,54,2026-06-03,4
2979,54,2026-06-01,2
2980,54,2026-05-31,4
2981,54,2026-05-29,2
2982,54,2026-05-27,2
2983,54,2026-05-21,1
2984,54,2026-05-18,5
2985,54,2026-05-16,2
2986,54,2026-05-12,3
2987,54,2026-05-11,4
2988,54,2026-05-07,1
2989,54,2026-05-06,4
2990,54,2026-05-03,3
2991,54,2026-04-30,1
2992,54,2026-04-27,1
2993,54,2026-04-26,5
2994,54,2026-04-23,3
2995,54,2026-04-22,4
2996,54,2026-04-20,2
2997,54,2026-04-17,4
2998,54,2026-04-14,1
2999,54,2026-04-13,1
3000,54,2026-04-11,5
3001,54,2026-04-10,4
3002,54,2026-04-09,4
3003,54,2026-03-30,3
3004,54,2026-03-27,2
3005,54,2026-03-26,3
3006,54,2026-03-18,2
3007,55,2026-09-13,6
3008,55,2026-09-12,2
3009,55,2026-09-11,7
3010,55,2026-09-09,2
3011,55,2026-09-07,4
3012,55,2026-09-05,1
3013,55,2026-09-04,4
3014,55,2026-08-28,2
3015,55,2026-08-26,1
3016,55,2026-08-25,4
3017,55,2026-08-17,7
3018,55,2026-08-13,5
3019,55,2026-08-10,2
3020,55,2026-08-09,3
3021,55,2026-08-06,4
3022,55,2026-08-04,7
3023,55,2026-08-02,3
3024,55,2026-07-26,3
3025,55,2026-07-23,3
3026,55,2026-07-20,6
3027,55,2026-07-18,1
3028,55,2026-07-16,3
3029,55,2026-07-13,1
3030,55,2026-07-12,1
3031,55,2026-07-09,1
3032,55,2026-07-04,6
3033,55,2026-06-29,1
3034,55,2026-06-27,6
3035,55,2026-06-25,7
3036,55,2026-06-21,4
3037,55,2026-06-13,2
3038,55,2026-06-12,1
3039,55,2026-06-09,4
3040,55,2026-06-08,4
3041,55,2026-06-05,4
3042,55,2026-06-04,6
3043,55,2026-06-03,4
3044,55,2026-06-02,5
3045,55,2026-06-01,4
3046,55,2026-05-31,5
3047,55,2026-05-29,6
3048,55,2026-05-28,5
3049,55,2026-05-26,1
3050,55,2026-05-23,6
3051,55,2026-05-22,4
3052,55,2026-05-20,5
3053,55,2026-05-11,4
3054,55,2026-05-10,2
3055,55,2026-05-09,6
3056,55,2026-05-02,1
3057,55,2026-04-28,4
3058,55,2026-04-27,2
3059,55,2026-04-26,3
3060,55,2026-04-24,5
3061,55,2026-04-22,5
3062,55,2026-04-16,1
3063,55,2026-04-15,1
3064,55,2026-04-14,6
3065,55,2026-04-12,3
3066,55,2026-04-11,1
3067,55,2026-04-10,3
3068,55,2026-04-05,6
3069,55,2026-04-04,1
3070,55,2026-04-02,2
3071,55,2026-04-01,3
3072,55,2026-03-31,2
3073,55,2026-03-30,3
3074,55,2026-03-29,5
3075,55,2026-03-28,6
3076,55,2026-03-21,6
3077,55,2026-03-20,4
3078,55,2026-03-18,6
3079,58,2026-09-13,5
3080,58,2026-09-12,7
3081,58,2026-09-11,1
3082,58,2026-09-08,6
3083,58,2026-09-05,5
3084,58,2026-09-02,3
3085,58,2026-09-01,3
3086,58,2026-08-31,3
3087,58,2026-08-27,6
3088,58,2026-08-18,2
3089,58,2026-08-17,1
3090,58,2026-08-14,3
3091,58,2026-08-13,5
3092,58,2026-08-12,2
3093,58,2026-08-10,5
3094,58,2026-08-06,3
3095,58,2026-08-05,4
3096,58,2026-08-04,6
3097,58,2026-08-03,1
3098,58,2026-07-29,3
3099,58,2026-07-24,2
3100,58,2026-07-22,6
3101,58,2026-07-21,3
3102,58,2026-07-20,6
3103,58,2026-07-19,1
3104,58,2026-07-18,2
3105,58,2026-07-17,4
3106,58,2026-07-15,5
3107,58,2026-07-13,7
3108,58,2026-07-09,5
3109,58,2026-07-07,6
3110,58,2026-07-04,4
3111,58,2026-07-03,7
3112,58,2026-07-02,7
3113,58,2026-07-01,5
3114,58,2026-06-30,3
3115,58,2026-06-29,1
3116,58,2026-06-23,4
3117,58,2026-06-22,4
3118,58,2026-06-20,6
3119,58,2026-06-19,3
3120,58,2026-06-18,5
3121,58,2026-06-15,6
3122,58,2026-06-12,3
3123,58,2026-06-10,2
3124,58,2026-06-08,2
3125,58,2026-06-07,6
3126,58,2026-06-05,7
3127,58,2026-06-03,2
3128,58,2026-05-31,7
3129,58,2026-05-28,2
3130,58,2026-05-26,3
3131,58,2026-05-23,5
3132,58,2026-05-22,4
3133,58,2026-05-21,6
3134,58,2026-05-19,6
3135,58,2026-05-18,7
3136,58,2026-05-17,2
3137,58,2026-05-14,1
3138,58,2026-05-13,6
3139,58,2026-05-10,7
3140,58,2026-05-08,5
3141,58,2026-05-05,5
3142,58,2026-04-29,6
3143,58,2026-04-26,6
3144,58,2026-04-23,3
3145,58,2026-04-20,6
3146,58,2026-04-19,7
3147,58,2026-04-16,2
3148,58,2026-04-15,7
3149,58,2026-04-14,4
3150,58,2026-04-11,4
3151,58,2026-04-10,7
3152,58,2026-04-09,3
3153,58,2026-04-07,4
3154,58,2026-04-06,5
3155,58,2026-04-04,2
3156,58,2026-04-02,1
3157,58,2026-03-31,4
3158,58,2026-03-29,3
3159,58,2026-03-27,1
3160,58,2026-03-23,6
3161,58,2026-03-21,1
3162,58,2026-03-20,4
3163,58,2026-03-19,3
3164,59,2026-09-13,2
3165,59,2026-09-09,3
3166,59,2026-09-07,2
3167,59,2026-09-05,4
3168,59,2026-09-01,1
3169,59,2026-08-21,3
3170,59,2026-08-14,5
3171,59,2026-08-13,4
3172,59,2026-08-08,2
3173,59,2026-08-07,1
3174,59,2026-07-30,1
3175,59,2026-07-29,5
3176,59,2026-07-27,2
3177,59,2026-07-25,3
3178,59,2026-07-23,2
3179,59,2026-07-18,3
3180,59,2026-07-17,4
3181,59,2026-07-12,4
3182,59,2026-07-11,2
3183,59,2026-07-08,1
3184,59,2026-06-28,2
3185,59,2026-06-24,4
3186,59,2026-06-22,2
3187,59,2026-06-21,4
3188,59,2026-06-18,3
3189,59,2026-06-12,5
3190,59,2026-06-11,3
3191,59,2026-06-09,3
3192,59,2026-06-08,2
3193,59,2026-06-06,3
3194,59,2026-06-04,5
3195,59,2026-06-02,4
3196,59,2026-06-01,3
3197,59,2026-05-27,5
3198,59,2026-05-23,4
3199,59,2026-05-22,2
3200,59,2026-05-21,1
3201,59,2026-05-20,1
3202,59,2026-05-16,2
3203,59,2026-05-15,5
3204,59,2026-05-14,3
3205,59,2026-05-13,2
3206,59,2026-05-10,5
3207,59,2026-05-07,1
3208,59,2026-05-06,1
3209,59,2026-05-05,3
3210,59,2026-04-30,4
3211,59,2026-04-29,4
3212,59,2026-04-26,1
3213,59,2026-04-24,5
3214,59,2026-04-23,5
3215,59,2026-04-21,2
3216,59,2026-04-16,2
3217,59,2026-04-13,5
3218,59,2026-04-11,3
3219,59,2026-04-09,1
3220,59,2026-04-08,2
3221,59,2026-04-07,2
3222,59,2026-04-06,4
3223,59,2026-04-04,2
3224,59,2026-03-28,4
3225,59,2026-03-22,4
3226,59,2026-03-19,5
3227,62,2026-09-04,2
3228,62,2026-08-28,3
3229,62,2026-08-27,5
3230,62,2026-08-26,4
3231,62,2026-08-25,2
3232,62,2026-08-20,1
3233,62,2026-08-19,1
3234,62,2026-08-17,3
3235,62,2026-08-16,2
3236,62,2026-08-14,2
3237,62,2026-08-13,2
3238,62,2026-08-11,2
3239,62,2026-08-09,1
3240,62,2026-08-06,1
3241,62,2026-08-04,2
3242,62,2026-07-30,3
3243,62,2026-07-27,4
3244,62,2026-07-24,5
3245,62,2026-07-20,2
3246,62,2026-07-15,3
3247,62,2026-07-11,1
3248,62,2026-07-01,4
3249,62,2026-06-30,3
3250,62,2026-06-29,5
3251,62,2026-06-28,3
3252,62,2026-06-27,2
3253,62,2026-06-23,5
3254,62,2026-06-22,3
3255,62,2026-06-18,1
3256,62,2026-06-17,1
3257,62,2026-06-16,2
3258,62,2026-06-15,3
3259,62,2026-06-12,2
3260,62,2026-06-09,1
3261,62,2026-06-05,3
3262,62,2026-06-04,2
3263,62,2026-06-02,3
3264,62,2026-05-31,5
3265,62,2026-05-30,2
3266,62,2026-05-28,4
3267,62,2026-05-22,5
3268,62,2026-05-20,5
3269,62,2026-05-17,5
3270,62,2026-05-14,5
3271,62,2026-05-13,1
3272,62,2026-05-12,3
3273,62,2026-05-11,4
3274,62,2026-05-08,4
3275,62,2026-05-04,5
3276,62,2026-04-27,3
3277,62,2026-04-25,1
3278,62,2026-04-21,2
3279,62,2026-04-20,3
3280,62,2026-04-19,4
3281,62,2026-04-14,1
3282,62,2026-04-13,4
3283,62,2026-04-04,3
3284,62,2026-04-03,4
3285,62,2026-03-30,5
3286,62,2026-03-29,1
3287,62,2026-03-27,3
3288,62,2026-03-23,4
3289,62,2026-03-22,4
3290,62,2026-03-21,2
3291,62,2026-03-20,1
3292,62,2026-03-18,1
3293,63,2026-09-11,5
3294,63,2026-09-10,3
3295,63,2026-09-08,1
3296,63,2026-09-07,5
3297,63,2026-09-05,2
3298,63,2026-09-04,3
3299,63,2026-09-02,5
3300,63,2026-09-01,2
3301,63,2026-08-25,4
3302,63,2026-08-24,4
3303,63,2026-08-22,3
3304,63,2026-08-20,3
3305,63,2026-08-19,1
3306,63,2026-08-17,3
3307,63,2026-08-16,4
3308,63,2026-08-15,5
3309,63,2026-08-09,2
3310,63,2026-08-08,2
3311,63,2026-08-06,5
3312,63,2026-08-05,1
3313,63,2026-07-29,1
3314,63,2026-07-28,3
3315,63,2026-07-27,3
3316,63,2026-07-26,2
3317,63,2026-07-25,3
3318,63,2026-07-21,2
3319,63,2026-07-20,2
3320,63,2026-07-19,4
3321,63,2026-07-18,1
3322,63,2026-07-13,1
3323,63,2026-07-12,2
3324,63,2026-07-07,4
3325,63,2026-07-06,2
3326,63,2026-07-04,3
3327,63,2026-07-01,4
3328,63,2026-06-29,2
3329,63,2026-06-26,4
3330,63,2026-06-24,5
3331,63,2026-06-23,2
3332,63,2026-06-11,5
3333,63,2026-06-08,4
3334,63,2026-06-07,3
3335,63,2026-06-05,1
3336,63,2026-06-02,3
3337,63,2026-06-01,4
3338,63,2026-05-28,3
3339,63,2026-05-27,4
3340,63,2026-05-26,5
3341,63,2026-05-24,3
3342,63,2026-05-22,4
3343,63,2026-05-20,3
3344,63,2026-05-19,2
3345,63,2026-05-18,4
3346,63,2026-05-10,5
3347,63,2026-05-04,3
3348,63,2026-05-03,3
3349,63,2026-05-02,3
3350,63,2026-04-29,1
3351,63,2026-04-27,4
3352,63,2026-04-24,4
3353,63,2026-04-21,5
3354,63,2026-04-15,1
3355,63,2026-04-14,1
3356,63,2026-04-12,3
3357,63,2026-04-11,3
3358,63,2026-04-09,1
3359,63,2026-04-07,1
3360,63,2026-04-05,3
3361,63,2026-04-04,4
3362,63,2026-03-31,3
3363,63,2026-03-30,4
3364,63,2026-03-29,5
3365,63,2026-03-27,4
3366,63,2026-03-26,2
3367,63,2026-03-25,2
3368,63,2026-03-22,5
3369,63,2026-03-20,2
3370,63,2026-03-19,1
3371,64,2026-09-12,2
3372,64,2026-09-07,2
3373,64,2026-09-03,3
3374,64,2026-08-31,3
3375,64,2026-08-24,1
3376,64,2026-08-22,2
3377,64,2026-08-21,3
3378,64,2026-08-19,2
3379,64,2026-08-18,2
3380,64,2026-08-17,1
3381,64,2026-08-15,4
3382,64,2026-08-14,3
3383,64,2026-08-13,5
3384,64,2026-08-10,2
3385,64,2026-08-06,2
3386,64,2026-07-31,2
3387,64,2026-07-30,2
3388,64,2026-07-29,4
3389,64,2026-07-27,4
3390,64,2026-07-26,3
3391,64,2026-07-24,3
3392,64,2026-07-23,4
3393,64,2026-07-22,3
3394,64,2026-07-17,2
3395,64,2026-07-13,2
3396,64,2026-07-11,4
3397,64,2026-07-10,5
3398,64,2026-07-07,4
3399,64,2026-07-06,5
3400,64,2026-07-04,4
3401,64,2026-06-29,2
3402,64,2026-06-26,1
3403,64,2026-06-24,1
3404,64,2026-06-23,2
3405,64,2026-06-22,5
3406,64,2026-06-21,1
3407,64,2026-06-20,4
3408,64,2026-06-19,4
3409,64,2026-06-15,4
3410,64,2026-06-11,2
3411,64,2026-06-10,5
3412,64,2026-06-06,1
3413,64,2026-06-05,5
3414,64,2026-06-04,4
3415,64,2026-05-30,4
3416,64,2026-05-28,5
3417,64,2026-05-26,5
3418,64,2026-05-21,4
3419,64,2026-05-18,5
3420,64,2026-05-11,4
3421,64,2026-05-10,4
3422,64,2026-05-09,3
3423,64,2026-05-03,1
3424,64,2026-05-02,3
3425,64,2026-05-01,1
3426,64,2026-04-29,2
3427,64,2026-04-27,4
3428,64,2026-04-25,2
3429,64,2026-04-23,1
3430,64,2026-04-22,4
3431,64,2026-04-19,1
3432,64,2026-04-18,5
3433,64,2026-04-15,3
3434,64,2026-04-14,3
3435,64,2026-04-12,4
3436,64,2026-04-11,3
3437,64,2026-04-09,4
3438,64,2026-04-08,4
3439,64,2026-04-06,3
3440,64,2026-04-05,5
3441,64,2026-04-04,4
3442,64,2026-04-01,2
3443,64,2026-03-30,2
3444,64,2026-03-29,5
3445,64,2026-03-25,1
3446,64,2026-03-24,1
3447,64,2026-03-23,2
3448,64,2026-03-21,2
3449,64,2026-03-18,2
3450,65,2026-09-11,2
3451,65,2026-09-10,1
3452,65,2026-09-08,3
3453,65,2026-09-06,2
3454,65,2026-09-04,1
3455,65,2026-09-01,2
3456,65,2026-08-29,5
3457,65,2026-08-27,1
3458,65,2026-08-24,4
3459,65,2026-08-23,3
3460,65,2026-08-22,4
3461,65,2026-08-17,1
3462,65,2026-08-11,1
3463,65,2026-08-09,1
3464,65,2026-08-07,3
3465,65,2026-08-05,2
3466,65,2026-08-03,4
3467,65,2026-07-31,5
3468,65,2026-07-29,4
3469,65,2026-07-19,1
3470,65,2026-07-12,5
3471,65,2026-07-11,3
3472,65,2026-07-08,3
3473,65,2026-07-07,5
3474,65,2026-07-04,4
3475,65,2026-07-03,3
3476,65,2026-07-02,1
3477,65,2026-06-30,4
3478,65,2026-06-25,4
3479,65,2026-06-24,5
3480,65,2026-06-22,3
3481,65,2026-06-20,2
3482,65,2026-06-16,4
3483,65,2026-06-14,3
3484,65,2026-06-13,1
3485,65,2026-06-12,5
3486,65,2026-06-10,1
3487,65,2026-06-09,2
3488,65,2026-06-08,3
3489,65,2026-06-07,1
3490,65,2026-06-06,2
3491,65,2026-06-05,3
3492,65,2026-06-01,2
3493,65,2026-05-31,5
3494,65,2026-05-28,5
3495,65,2026-05-26,2
3496,65,2026-05-22,1
3497,65,2026-05-20,5
3498,65,2026-05-19,1
3499,65,2026-05-18,1
3500,65,2026-05-15,4
3501,65,2026-05-08,4
3502,65,2026-05-06,4
3503,65,2026-04-30,4
3504,65,2026-04-28,2
3505,65,2026-04-26,4
3506,65,2026-04-25,3
3507,65,2026-04-24,3
3508,65,2026-04-22,5
3509,65,2026-04-19,5
3510,65,2026-04-18,5
3511,65,2026-04-17,5
3512,65,2026-04-11,5
3513,65,2026-04-08,3
3514,65,2026-04-07,5
3515,65,2026-04-03,1
3516,65,2026-03-31,3
3517,65,2026-03-29,2
3518,65,2026-03-28,3
3519,65,2026-03-23,3
3520,65,2026-03-21,2
3521,66,2026-09-13,5
3522,66,2026-09-12,3
3523,66,2026-09-06,1
3524,66,2026-09-04,2
3525,66,2026-09-03,4
3526,66,2026-09-01,3
3527,66,2026-08-30,6
3528,66,2026-08-29,2
3529,66,2026-08-27,1
3530,66,2026-08-25,3
3531,66,2026-08-24,7
3532,66,2026-08-22,3
3533,66,2026-08-19,5
3534,66,2026-08-15,3
3535,66,2026-08-14,5
3536,66,2026-08-10,3
3537,66,2026-08-07,1
3538,66,2026-08-06,7
3539,66,2026-08-04,7
3540,66,2026-08-02,6
3541,66,2026-07-30,7
3542,66,2026-07-28,1
3543,66,2026-07-27,2
3544,66,2026-07-20,4
3545,66,2026-07-19,7
3546,66,2026-07-08,7
3547,66,2026-07-07,7
3548,66,2026-07-06,2
3549,66,2026-07-05,6
3550,66,2026-07-04,5
3551,66,2026-07-01,2
3552,66,2026-06-30,2
3553,66,2026-06-28,7
3554,66,2026-06-27,1
3555,66,2026-06-26,6
3556,66,2026-06-25,7
3557,66,2026-06-21,7
3558,66,2026-06-19,6
3559,66,2026-06-18,4
3560,66,2026-06-17,6
3561,66,2026-06-16,5
3562,66,2026-06-14,3
3563,66,2026-06-09,4
3564,66,2026-06-08,4
3565,66,2026-06-06,7
3566,66,2026-06-02,1
3567,66,2026-06-01,7
3568,66,2026-05-26,1
3569,66,2026-05-24,7
3570,66,2026-05-12,7
3571,66,2026-05-09,6
3572,66,2026-05-06,2
3573,66,2026-05-04,5
3574,66,2026-05-03,1
3575,66,2026-05-02,1
3576,66,2026-04-30,7
3577,66,2026-04-28,6
3578,66,2026-04-26,4
3579,66,2026-04-24,4
3580,66,2026-04-23,6
3581,66,2026-04-17,2
3582,66,2026-04-14,4
3583,66,2026-04-13,5
3584,66,2026-04-09,5
3585,66,2026-04-08,7
3586,66,2026-04-05,4
3587,66,2026-04-04,7
3588,66,2026-04-02,7
3589,66,2026-03-23,2
3590,66,2026-03-19,1
3591,67,2026-09-12,1
3592,67,2026-09-09,4
3593,67,2026-09-08,2
3594,67,2026-09-05,4
3595,67,2026-09-04,5
3596,67,2026-08-29,4
3597,67,2026-08-28,4
3598,67,2026-08-25,4
3599,67,2026-08-19,2
3600,67,2026-08-17,1
3601,67,2026-08-16,3
3602,67,2026-08-15,3
3603,67,2026-08-13,2
3604,67,2026-08-11,3
3605,67,2026-08-09,5
3606,67,2026-08-07,5
3607,67,2026-08-06,4
3608,67,2026-08-03,3
3609,67,2026-07-31,2
3610,67,2026-07-29,5
3611,67,2026-07-27,2
3612,67,2026-07-26,2
3613,67,2026-07-25,4
3614,67,2026-07-23,2
3615,67,2026-07-20,5
3616,67,2026-07-19,3
3617,67,2026-07-14,4
3618,67,2026-07-09,4
3619,67,2026-07-08,5
3620,67,2026-07-07,5
3621,67,2026-07-06,1
3622,67,2026-07-04,1
3623,67,2026-07-03,1
3624,67,2026-07-02,5
3625,67,2026-06-21,5
3626,67,2026-06-18,1
3627,67,2026-06-16,5
3628,67,2026-06-15,5
3629,67,2026-06-14,3
3630,67,2026-06-12,5
3631,67,2026-06-09,4
3632,67,2026-06-07,4
3633,67,2026-06-04,3
3634,67,2026-05-30,3
3635,67,2026-05-29,4
3636,67,2026-05-27,4
3637,67,2026-05-25,2
3638,67,2026-05-23,4
3639,67,2026-05-18,3
3640,67,2026-05-13,1
3641,67,2026-05-12,2
3642,67,2026-05-09,2
3643,67,2026-05-06,5
3644,67,2026-05-04,1
3645,67,2026-04-26,3
3646,67,2026-04-24,5
3647,67,2026-04-21,4
3648,67,2026-04-20,5
3649,67,2026-04-18,3
3650,67,2026-04-17,2
3651,67,2026-04-16,5
3652,67,2026-04-15,1
3653,67,2026-04-14,1
3654,67,2026-04-13,5
3655,67,2026-04-10,1
3656,67,2026-04-09,1
3657,67,2026-04-04,4
3658,67,2026-04-03,1
3659,67,2026-04-01,2
3660,67,2026-03-31,5
3661,67,2026-03-30,3
3662,67,2026-03-29,1
3663,67,2026-03-28,2
3664,67,2026-03-24,1
3665,67,2026-03-21,4
3666,67,2026-03-19,1
3667,67,2026-03-18,5
3668,68,2026-09-11,4
3669,68,2026-09-08,6
3670,68,2026-09-05,2
3671,68,2026-09-02,2
3672,68,2026-08-28,6
3673,68,2026-08-27,7
3674,68,2026-08-26,2
3675,68,2026-08-25,5
3676,68,2026-08-21,6
3677,68,2026-08-20,5
3678,68,2026-08-19,1
3679,68,2026-08-18,4
3680,68,2026-08-14,2
3681,68,2026-08-13,6
3682,68,2026-08-07,4
3683,68,2026-08-05,4
3684,68,2026-08-04,4
3685,68,2026-08-01,5
3686,68,2026-07-31,1
3687,68,2026-07-28,1
3688,68,2026-07-21,2
3689,68,2026-07-18,2
3690,68,2026-07-11,4
3691,68,2026-07-10,4
3692,68,2026-07-08,5
3693,68,2026-07-06,4
3694,68,2026-07-02,6
3695,68,2026-07-01,6
3696,68,2026-06-30,7
3697,68,2026-06-27,3
3698,68,2026-06-25,4
3699,68,2026-06-24,4
3700,68,2026-06-18,3
3701,68,2026-06-17,7
3702,68,2026-06-10,6
3703,68,2026-06-08,4
3704,68,2026-06-05,2
3705,68,2026-05-31,6
3706,68,2026-05-30,2
3707,68,2026-05-26,3
3708,68,2026-05-21,5
3709,68,2026-05-20,5
3710,68,2026-05-19,3
3711,68,2026-05-18,2
3712,68,2026-05-15,5
3713,68,2026-05-12,5
3714,68,2026-05-04,3
3715,68,2026-04-24,1
3716,68,2026-04-23,1
3717,68,2026-04-22,3
3718,68,2026-04-21,5
3719,68,2026-04-19,2
3720,68,2026-04-15,4
3721,68,2026-04-14,5
3722,68,2026-04-13,2
3723,68,2026-04-11,4
3724,68,2026-04-09,7
3725,68,2026-04-08,1
3726,68,2026-04-07,1
3727,68,2026-04-05,2
3728,68,2026-04-02,3
3729,68,2026-04-01,1
3730,68,2026-03-30,4
3731,68,2026-03-28,1
3732,68,2026-03-27,6
3733,68,2026-03-26,1
3734,68,2026-03-20,6
3735,68,2026-03-18,2
3736,69,2026-09-09,1
3737,69,2026-09-05,1
3738,69,2026-09-03,5
3739,69,2026-09-02,4
3740,69,2026-08-29,6
3741,69,2026-08-24,1
3742,69,2026-08-20,1
3743,69,2026-08-19,6
3744,69,2026-08-18,7
3745,69,2026-08-13,4
3746,69,2026-08-08,2
3747,69,2026-08-05,2
3748,69,2026-08-02,4
3749,69,2026-07-29,4
3750,69,2026-07-26,7
3751,69,2026-07-25,9
3752,69,2026-07-23,1
3753,69,2026-07-22,6
3754,69,2026-07-20,1
3755,69,2026-07-15,4
3756,69,2026-07-09,4
3757,69,2026-07-07,8
3758,69,2026-07-06,6
3759,69,2026-07-02,9
3760,69,2026-07-01,1
3761,69,2026-06-28,8
3762,69,2026-06-25,8
3763,69,2026-06-23,1
3764,69,2026-06-22,3
3765,69,2026-06-18,4
3766,69,2026-06-15,9
3767,69,2026-06-10,5
3768,69,2026-06-09,7
3769,69,2026-06-05,7
3770,69,2026-06-04,1
3771,69,2026-06-03,6
3772,69,2026-05-28,2
3773,69,2026-05-27,6
3774,69,2026-05-24,2
3775,69,2026-05-18,5
3776,69,2026-05-17,2
3777,69,2026-05-15,9
3778,69,2026-05-10,2
3779,69,2026-05-05,6
3780,69,2026-04-28,3
3781,69,2026-04-27,8
3782,69,2026-04-24,9
3783,69,2026-04-23,1
3784,69,2026-04-20,4
3785,69,2026-04-16,2
3786,69,2026-04-15,6
3787,69,2026-04-12,5
3788,69,2026-04-11,4
3789,69,2026-04-08,6
3790,69,2026-04-07,4
3791,69,2026-04-05,1
3792,69,2026-04-04,1
3793,69,2026-04-03,5
3794,69,2026-04-02,5
3795,69,2026-03-30,4
3796,69,2026-03-29,1
3797,69,2026-03-26,4
3798,69,2026-03-21,9
3799,69,2026-03-20,4
3800,70,2026-09-13,3
3801,70,2026-09-12,6
3802,70,2026-09-11,4
3803,70,2026-09-02,2
3804,70,2026-09-01,2
3805,70,2026-08-30,2
3806,70,2026-08-29,6
3807,70,2026-08-25,7
3808,70,2026-08-24,6
3809,70,2026-08-23,3
3810,70,2026-08-22,6
3811,70,2026-08-18,2
3812,70,2026-08-17,7
3813,70,2026-08-03,2
3814,70,2026-08-02,3
3815,70,2026-07-31,7
3816,70,2026-07-29,1
3817,70,2026-07-28,2
3818,70,2026-07-24,3
3819,70,2026-07-21,2
3820,70,2026-07-18,4
3821,70,2026-07-16,7
3822,70,2026-07-15,1
3823,70,2026-07-13,6
3824,70,2026-07-12,1
3825,70,2026-07-11,4
3826,70,2026-07-09,4
3827,70,2026-07-07,6
3828,70,2026-07-04,3
3829,70,2026-07-03,6
3830,70,2026-06-28,6
3831,70,2026-06-23,3
3832,70,2026-06-22,2
3833,70,2026-06-19,5
3834,70,2026-06-17,3
3835,70,2026-06-15,2
3836,70,2026-06-14,7
3837,70,2026-06-13,7
3838,70,2026-06-10,1
3839,70,2026-06-09,4
3840,70,2026-06-08,5
3841,70,2026-06-07,6
3842,70,2026-06-06,4
3843,70,2026-06-01,2
3844,70,2026-05-28,1
3845,70,2026-05-25,3
3846,70,2026-05-24,6
3847,70,2026-05-23,4
3848,70,2026-05-22,3
3849,70,2026-05-17,7
3850,70,2026-05-16,5
3851,70,2026-05-14,1
3852,70,2026-05-13,3
3853,70,2026-05-10,2
3854,70,2026-05-09,2
3855,70,2026-05-08,3
3856,70,2026-05-07,3
3857,70,2026-05-05,2
3858,70,2026-05-04,6
3859,70,2026-05-02,6
3860,70,2026-04-29,7
3861,70,2026-04-20,6
3862,70,2026-04-19,5
3863,70,2026-04-17,1
3864,70,2026-04-13,5
3865,70,2026-04-12,5
3866,70,2026-04-06,4
3867,70,2026-04-02,2
3868,70,2026-04-01,3
3869,70,2026-03-31,6
3870,70,2026-03-29,3
3871,70,2026-03-28,1
3872,70,2026-03-27,6
3873,70,2026-03-25,2
3874,70,2026-03-22,7
3875,72,2026-09-07,7
3876,72,2026-09-06,3
3877,72,2026-09-04,1
3878,72,2026-09-03,4
3879,72,2026-08-31,3
3880,72,2026-08-30,4
3881,72,2026-08-22,1
3882,72,2026-08-21,1
3883,72,2026-08-17,3
3884,72,2026-08-12,2
3885,72,2026-08-09,3
3886,72,2026-08-08,7
3887,72,2026-08-07,3
3888,72,2026-08-06,6
3889,72,2026-08-04,6
3890,72,2026-08-03,2
3891,72,2026-08-02,3
3892,72,2026-08-01,5
3893,72,2026-07-30,6
3894,72,2026-07-28,1
3895,72,2026-07-26,6
3896,72,2026-07-21,3
3897,72,2026-07-20,5
3898,72,2026-07-19,5
3899,72,2026-07-18,2
3900,72,2026-07-17,4
3901,72,2026-07-16,3
3902,72,2026-07-15,6
3903,72,2026-07-12,5
3904,72,2026-07-11,4
3905,72,2026-07-10,4
3906,72,2026-07-04,3
3907,72,2026-07-02,7
3908,72,2026-07-01,7
3909,72,2026-06-30,4
3910,72,2026-06-29,5
3911,72,2026-06-27,1
3912,72,2026-06-21,2
3913,72,2026-06-18,7
3914,72,2026-06-16,7
3915,72,2026-06-13,1
3916,72,2026-06-11,4
3917,72,2026-06-10,4
3918,72,2026-06-06,4
3919,72,2026-06-04,1
3920,72,2026-06-02,2
3921,72,2026-06-01,6
3922,72,2026-05-30,1
3923,72,2026-05-29,3
3924,72,2026-05-27,7
3925,72,2026-05-24,3
3926,72,2026-05-22,6
3927,72,2026-05-18,5
3928,72,2026-05-15,5
3929,72,2026-05-14,2
3930,72,2026-05-12,2
3931,72,2026-05-11,5
3932,72,2026-05-04,7
3933,72,2026-05-03,6
3934,72,2026-05-02,4
3935,72,2026-04-29,5
3936,72,2026-04-28,1
3937,72,2026-04-27,5
3938,72,2026-04-22,5
3939,72,2026-04-21,7
3940,72,2026-04-19,6
3941,72,2026-04-18,3
3942,72,2026-04-16,4
3943,72,2026-04-14,1
3944,72,2026-04-08,2
3945,72,2026-04-05,4
3946,72,2026-04-01,4
3947,72,2026-03-31,4
3948,72,2026-03-29,7
3949,72,2026-03-23,7
3950,72,2026-03-19,6
3951,74,2026-09-12,3
3952,74,2026-09-11,5
3953,74,2026-09-10,1
3954,74,2026-09-06,4
3955,74,2026-09-01,4
3956,74,2026-08-31,4
3957,74,2026-08-30,3
3958,74,2026-08-28,3
3959,74,2026-08-26,4
3960,74,2026-08-21,3
3961,74,2026-08-16,5
3962,74,2026-08-14,2
3963,74,2026-08-13,1
3964,74,2026-08-12,2
3965,74,2026-08-11,1
3966,74,2026-08-07,2
3967,74,2026-08-02,4
3968,74,2026-08-01,2
3969,74,2026-07-31,4
3970,74,2026-07-30,1
3971,74,2026-07-27,2
3972,74,2026-07-24,4
3973,74,2026-07-20,4
3974,74,2026-07-17,2
3975,74,2026-07-11,3
3976,74,2026-07-09,2
3977,74,2026-07-01,2
3978,74,2026-06-30,5
3979,74,2026-06-28,3
3980,74,2026-06-25,3
3981,74,2026-06-22,4
3982,74,2026-06-18,2
3983,74,2026-06-17,3
3984,74,2026-06-16,2
3985,74,2026-06-15,5
3986,74,2026-06-11,2
3987,74,2026-06-07,5
3988,74,2026-06-05,2
3989,74,2026-06-04,3
3990,74,2026-05-29,3
3991,74,2026-05-27,2
3992,74,2026-05-26,1
3993,74,2026-05-22,3
3994,74,2026-05-21,1
3995,74,2026-05-20,5
3996,74,2026-05-14,3
3997,74,2026-05-11,2
3998,74,2026-05-10,4
3999,74,2026-05-08,3
4000,74,2026-05-04,3
4001,74,2026-05-02,2
4002,74,2026-04-25,5
4003,74,2026-04-24,4
4004,74,2026-04-23,1
4005,74,2026-04-22,4
4006,74,2026-04-21,2
4007,74,2026-04-20,5
4008,74,2026-04-17,2
4009,74,2026-04-16,1
4010,74,2026-04-14,3
4011,74,2026-04-13,1
4012,74,2026-04-12,3
4013,74,2026-04-08,2
4014,74,2026-04-05,5
4015,74,2026-04-04,3
4016,74,2026-04-01,4
4017,74,2026-03-31,1
4018,74,2026-03-27,1
4019,74,2026-03-25,1
4020,74,2026-03-23,2
4021,74,2026-03-20,4
4022,76,2026-09-10,3
4023,76,2026-09-09,8
4024,76,2026-09-05,3
4025,76,2026-09-03,4
4026,76,2026-08-29,4
4027,76,2026-08-27,6
4028,76,2026-08-24,5
4029,76,2026-08-23,8
4030,76,2026-08-22,5
4031,76,2026-08-21,4
4032,76,2026-08-20,8
4033,76,2026-08-17,3
4034,76,2026-08-13,3
4035,76,2026-08-11,2
4036,76,2026-08-07,8
4037,76,2026-08-05,1
4038,76,2026-08-04,5
4039,76,2026-08-01,5
4040,76,2026-07-31,3
4041,76,2026-07-30,1
4042,76,2026-07-28,3
4043,76,2026-07-27,6
4044,76,2026-07-26,8
4045,76,2026-07-20,5
4046,76,2026-07-16,9
4047,76,2026-07-11,9
4048,76,2026-07-09,4
4049,76,2026-07-08,4
4050,76,2026-07-07,8
4051,76,2026-07-05,6
4052,76,2026-07-04,6
4053,76,2026-07-03,5
4054,76,2026-07-01,6
4055,76,2026-06-30,6
4056,76,2026-06-29,5
4057,76,2026-06-27,9
4058,76,2026-06-26,5
4059,76,2026-06-22,7
4060,76,2026-06-21,9
4061,76,2026-06-14,5
4062,76,2026-06-12,7
4063,76,2026-06-05,5
4064,76,2026-06-01,1
4065,76,2026-05-31,7
4066,76,2026-05-23,2
4067,76,2026-05-20,1
4068,76,2026-05-18,6
4069,76,2026-05-17,9
4070,76,2026-05-16,2
4071,76,2026-05-14,2
4072,76,2026-05-13,8
4073,76,2026-05-11,5
4074,76,2026-05-08,9
4075,76,2026-05-01,6
4076,76,2026-04-28,6
4077,76,2026-04-27,3
4078,76,2026-04-19,7
4079,76,2026-04-16,1
4080,76,2026-04-05,3
4081,76,2026-03-29,9
4082,76,2026-03-28,3
4083,76,2026-03-26,9
4084,76,2026-03-24,9
4085,76,2026-03-22,3
4086,76,2026-03-19,5
4087,77,2026-09-10,1
4088,77,2026-09-07,1
4089,77,2026-09-06,4
4090,77,2026-09-01,1
4091,77,2026-08-28,3
4092,77,2026-08-27,5
4093,77,2026-08-26,4
4094,77,2026-08-24,5
4095,77,2026-08-21,1
4096,77,2026-08-20,5
4097,77,2026-08-18,4
4098,77,2026-08-17,5
4099,77,2026-08-16,4
4100,77,2026-08-14,2
4101,77,2026-08-12,5
4102,77,2026-08-11,3
4103,77,2026-08-10,2
4104,77,2026-08-07,4
4105,77,2026-08-06,3
4106,77,2026-08-03,3
4107,77,2026-08-01,3
4108,77,2026-07-30,2
4109,77,2026-07-28,5
4110,77,2026-07-26,1
4111,77,2026-07-22,4
4112,77,2026-07-21,1
4113,77,2026-07-20,3
4114,77,2026-07-15,3
4115,77,2026-07-12,3
4116,77,2026-07-10,4
4117,77,2026-07-09,3
4118,77,2026-07-07,4
4119,77,2026-07-06,5
4120,77,2026-07-04,3
4121,77,2026-07-03,4
4122,77,2026-07-01,5
4123,77,2026-06-30,1
4124,77,2026-06-25,4
4125,77,2026-06-24,2
4126,77,2026-06-23,3
4127,77,2026-06-21,2
4128,77,2026-06-15,1
4129,77,2026-06-14,4
4130,77,2026-06-13,3
4131,77,2026-06-11,4
4132,77,2026-06-10,4
4133,77,2026-06-06,5
4134,77,2026-06-04,3
4135,77,2026-06-03,3
4136,77,2026-05-29,2
4137,77,2026-05-27,5
4138,77,2026-05-22,1
4139,77,2026-05-19,2
4140,77,2026-05-17,1
4141,77,2026-05-15,5
4142,77,2026-05-13,5
4143,77,2026-05-12,2
4144,77,2026-05-11,2
4145,77,2026-05-09,3
4146,77,2026-05-05,3
4147,77,2026-05-04,5
4148,77,2026-05-01,5
4149,77,2026-04-27,3
4150,77,2026-04-24,1
4151,77,2026-04-23,1
4152,77,2026-04-18,1
4153,77,2026-04-17,2
4154,77,2026-04-16,3
4155,77,2026-04-12,5
4156,77,2026-04-10,5
4157,77,2026-04-08,3
4158,77,2026-04-06,2
4159,77,2026-04-03,2
4160,77,2026-04-01,2
4161,77,2026-03-29,2
4162,77,2026-03-28,3
4163,77,2026-03-27,5
4164,77,2026-03-26,2
4165,77,2026-03-23,5
4166,77,2026-03-20,5
4167,77,2026-03-18,2
4168,78,2026-09-12,1
4169,78,2026-09-05,4
4170,78,2026-09-04,2
4171,78,2026-08-31,3
4172,78,2026-08-30,1
4173,78,2026-08-26,2
4174,78,2026-08-21,3
4175,78,2026-08-19,4
4176,78,2026-08-17,4
4177,78,2026-08-14,5
4178,78,2026-08-13,2
4179,78,2026-08-12,3
4180,78,2026-08-08,3
4181,78,2026-08-05,2
4182,78,2026-08-02,2
4183,78,2026-08-01,3
4184,78,2026-07-31,2
4185,78,2026-07-23,1
4186,78,2026-07-22,4
4187,78,2026-07-20,3
4188,78,2026-07-18,1
4189,78,2026-07-16,3
4190,78,2026-07-13,5
4191,78,2026-07-06,5
4192,78,2026-07-04,1
4193,78,2026-07-03,1
4194,78,2026-07-02,1
4195,78,2026-06-29,3
4196,78,2026-06-27,4
4197,78,2026-06-22,5
4198,78,2026-06-21,3
4199,78,2026-06-20,2
4200,78,2026-06-19,1
4201,78,2026-06-17,2
4202,78,2026-06-12,4
4203,78,2026-06-10,3
4204,78,2026-06-09,1
4205,78,2026-06-08,5
4206,78,2026-06-04,2
4207,78,2026-06-03,1
4208,78,2026-06-02,3
4209,78,2026-05-30,1
4210,78,2026-05-28,3
4211,78,2026-05-26,1
4212,78,2026-05-24,2
4213,78,2026-05-19,2
4214,78,2026-05-17,1
4215,78,2026-05-16,5
4216,78,2026-05-13,2
4217,78,2026-05-10,5
4218,78,2026-05-09,4
4219,78,2026-05-08,4
4220,78,2026-05-04,2
4221,78,2026-05-02,1
4222,78,2026-04-30,5
4223,78,2026-04-24,1
4224,78,2026-04-23,5
4225,78,2026-04-21,2
4226,78,2026-04-20,1
4227,78,2026-04-18,4
4228,78,2026-04-17,5
4229,78,2026-04-16,1
4230,78,2026-04-15,1
4231,78,2026-04-14,5
4232,78,2026-04-12,5
4233,78,2026-04-10,2
4234,78,2026-04-07,2
4235,78,2026-04-04,1
4236,78,2026-03-31,5
4237,78,2026-03-30,4
4238,78,2026-03-28,2
4239,78,2026-03-26,2
4240,78,2026-03-24,2
4241,78,2026-03-23,1
4242,78,2026-03-22,1
4243,78,2026-03-20,2
4244,78,2026-03-18,4
4245,80,2026-09-06,7
4246,80,2026-09-05,1
4247,80,2026-09-04,5
4248,80,2026-09-01,5
4249,80,2026-08-31,6
4250,80,2026-08-30,5
4251,80,2026-08-25,2
4252,80,2026-08-23,2
4253,80,2026-08-21,2
4254,80,2026-08-20,3
4255,80,2026-08-17,6
4256,80,2026-08-15,3
4257,80,2026-08-10,5
4258,80,2026-08-08,1
4259,80,2026-07-31,4
4260,80,2026-07-29,1
4261,80,2026-07-27,5
4262,80,2026-07-24,6
4263,80,2026-07-23,5
4264,80,2026-07-22,7
4265,80,2026-07-17,3
4266,80,2026-07-14,1
4267,80,2026-07-13,2
4268,80,2026-07-11,2
4269,80,2026-07-06,7
4270,80,2026-07-04,6
4271,80,2026-07-01,2
4272,80,2026-06-28,4
4273,80,2026-06-27,3
4274,80,2026-06-24,6
4275,80,2026-06-22,2
4276,80,2026-06-17,2
4277,80,2026-06-13,2
4278,80,2026-06-06,3
4279,80,2026-06-02,1
4280,80,2026-05-25,5
4281,80,2026-05-21,7
4282,80,2026-05-20,2
4283,80,2026-05-19,6
4284,80,2026-05-16,1
4285,80,2026-05-11,1
4286,80,2026-05-10,3
4287,80,2026-05-09,2
4288,80,2026-05-08,6
4289,80,2026-05-04,7
4290,80,2026-05-03,1
4291,80,2026-05-02,4
4292,80,2026-04-27,5
4293,80,2026-04-23,7
4294,80,2026-04-17,2
4295,80,2026-04-13,7
4296,80,2026-04-05,3
4297,80,2026-03-24,7
4298,80,2026-03-22,5
4299,80,2026-03-21,7
4300,80,2026-03-18,1
4301,81,2026-09-11,6
4302,81,2026-09-08,1
4303,81,2026-09-05,5
4304,81,2026-09-04,6
4305,81,2026-09-03,5
4306,81,2026-09-02,2
4307,81,2026-09-01,3
4308,81,2026-08-26,6
4309,81,2026-08-24,2
4310,81,2026-08-22,4
4311,81,2026-08-19,5
4312,81,2026-08-18,6
4313,81,2026-08-16,3
4314,81,2026-08-09,7
4315,81,2026-08-08,4
4316,81,2026-08-07,7
4317,81,2026-08-04,6
4318,81,2026-08-01,7
4319,81,2026-07-30,6
4320,81,2026-07-29,7
4321,81,2026-07-20,2
4322,81,2026-07-19,5
4323,81,2026-07-17,7
4324,81,2026-07-12,3
4325,81,2026-07-11,4
4326,81,2026-07-09,6
4327,81,2026-07-08,1
4328,81,2026-07-07,5
4329,81,2026-07-06,7
4330,81,2026-07-04,2
4331,81,2026-06-28,1
4332,81,2026-06-27,3
4333,81,2026-06-26,6
4334,81,2026-06-21,6
4335,81,2026-06-18,3
4336,81,2026-06-15,5
4337,81,2026-06-14,7
4338,81,2026-06-11,1
4339,81,2026-06-10,7
4340,81,2026-06-07,7
4341,81,2026-06-04,4
4342,81,2026-06-01,3
4343,81,2026-05-30,3
4344,81,2026-05-29,2
4345,81,2026-05-27,7
4346,81,2026-05-26,6
4347,81,2026-05-21,4
4348,81,2026-05-18,7
4349,81,2026-05-15,6
4350,81,2026-05-14,1
4351,81,2026-05-11,1
4352,81,2026-05-09,5
4353,81,2026-05-07,7
4354,81,2026-05-06,7
4355,81,2026-05-03,6
4356,81,2026-04-28,3
4357,81,2026-04-25,2
4358,81,2026-04-21,6
4359,81,2026-04-19,2
4360,81,2026-04-17,4
4361,81,2026-04-16,4
4362,81,2026-04-15,7
4363,81,2026-04-14,5
4364,81,2026-04-10,5
4365,81,2026-04-09,6
4366,81,2026-04-08,4
4367,81,2026-04-07,1
4368,81,2026-04-06,1
4369,81,2026-04-05,7
4370,81,2026-04-03,3
4371,81,2026-04-02,3
4372,81,2026-03-31,5
4373,81,2026-03-28,2
4374,81,2026-03-27,4
4375,81,2026-03-25,4
4376,81,2026-03-24,5
4377,81,2026-03-20,4
4378,81,2026-03-18,5
4379,82,2026-09-12,5
4380,82,2026-09-11,5
4381,82,2026-09-10,4
4382,82,2026-09-09,2
4383,82,2026-09-06,5
4384,82,2026-09-05,2
4385,82,2026-09-03,4
4386,82,2026-09-02,5
4387,82,2026-09-01,4
4388,82,2026-08-29,1
4389,82,2026-08-28,4
4390,82,2026-08-27,3
4391,82,2026-08-24,4
4392,82,2026-08-23,3
4393,82,2026-08-22,2
4394,82,2026-08-18,5
4395,82,2026-08-16,3
4396,82,2026-08-15,2
4397,82,2026-08-13,5
4398,82,2026-08-12,1
4399,82,2026-08-11,4
4400,82,2026-08-09,5
4401,82,2026-08-08,2
4402,82,2026-08-07,2
4403,82,2026-08-01,3
4404,82,2026-07-30,1
4405,82,2026-07-28,2
4406,82,2026-07-27,3
4407,82,2026-07-21,4
4408,82,2026-07-20,4
4409,82,2026-07-18,3
4410,82,2026-07-17,1
4411,82,2026-07-15,4
4412,82,2026-07-14,2
4413,82,2026-07-10,2
4414,82,2026-07-08,1
4415,82,2026-07-06,5
4416,82,2026-07-05,1
4417,82,2026-07-03,4
4418,82,2026-07-02,5
4419,82,2026-06-28,3
4420,82,2026-06-25,3
4421,82,2026-06-24,3
4422,82,2026-06-18,3
4423,82,2026-06-10,5
4424,82,2026-06-09,2
4425,82,2026-06-07,1
4426,82,2026-06-06,5
4427,82,2026-06-05,2
4428,82,2026-05-31,4
4429,82,2026-05-28,3
4430,82,2026-05-25,4
4431,82,2026-05-24,5
4432,82,2026-05-21,4
4433,82,2026-05-20,4
4434,82,2026-05-19,4
4435,82,2026-05-17,5
4436,82,2026-05-16,5
4437,82,2026-05-06,3
4438,82,2026-05-05,1
4439,82,2026-05-03,1
4440,82,2026-04-30,3
4441,82,2026-04-29,2
4442,82,2026-04-27,2
4443,82,2026-04-24,5
4444,82,2026-04-22,1
4445,82,2026-04-21,3
4446,82,2026-04-17,1
4447,82,2026-04-15,5
4448,82,2026-04-14,5
4449,82,2026-04-10,4
4450,82,2026-04-07,4
4451,82,2026-04-03,4
4452,82,2026-04-01,2
4453,82,2026-03-30,4
4454,82,2026-03-27,5
4455,82,2026-03-19,2
4456,82,2026-03-18,2
4457,83,2026-09-13,3
4458,83,2026-09-11,3
4459,83,2026-09-10,1
4460,83,2026-09-03,6
4461,83,2026-09-01,3
4462,83,2026-08-31,3
4463,83,2026-08-24,7
4464,83,2026-08-21,2
4465,83,2026-08-19,5
4466,83,2026-08-18,1
4467,83,2026-08-16,1
4468,83,2026-08-12,2
4469,83,2026-08-11,2
4470,83,2026-08-07,3
4471,83,2026-08-05,2
4472,83,2026-08-04,7
4473,83,2026-08-02,9
4474,83,2026-08-01,6
4475,83,2026-07-31,8
4476,83,2026-07-29,8
4477,83,2026-07-28,7
4478,83,2026-07-27,2
4479,83,2026-07-24,5
4480,83,2026-07-22,3
4481,83,2026-07-20,7
4482,83,2026-07-19,1
4483,83,2026-07-17,5
4484,83,2026-07-15,9
4485,83,2026-07-14,6
4486,83,2026-07-10,5
4487,83,2026-07-09,1
4488,83,2026-07-06,1
4489,83,2026-07-01,4
4490,83,2026-06-26,8
4491,83,2026-06-25,2
4492,83,2026-06-23,1
4493,83,2026-06-21,6
4494,83,2026-06-16,9
4495,83,2026-06-14,3
4496,83,2026-06-13,6
4497,83,2026-06-10,4
4498,83,2026-06-09,1
4499,83,2026-06-05,4
4500,83,2026-06-04,4
4501,83,2026-06-03,6
4502,83,2026-06-02,7
4503,83,2026-06-01,9
4504,83,2026-05-30,9
4505,83,2026-05-29,6
4506,83,2026-05-27,7
4507,83,2026-05-19,9
4508,83,2026-05-18,3
4509,83,2026-05-16,5
4510,83,2026-05-14,3
4511,83,2026-05-08,9
4512,83,2026-05-07,6
4513,83,2026-05-06,2
4514,83,2026-04-30,9
4515,83,2026-04-29,1
4516,83,2026-04-24,7
4517,83,2026-04-21,3
4518,83,2026-04-19,9
4519,83,2026-04-15,2
4520,83,2026-04-14,1
4521,83,2026-04-10,5
4522,83,2026-04-06,6
4523,83,2026-04-02,5
4524,83,2026-03-30,3
4525,83,2026-03-27,4
4526,83,2026-03-26,9
4527,83,2026-03-24,6
4528,83,2026-03-23,1
4529,84,2026-09-12,4
4530,84,2026-09-11,9
4531,84,2026-09-07,4
4532,84,2026-09-04,4
4533,84,2026-08-31,4
4534,84,2026-08-29,3
4535,84,2026-08-28,9
4536,84,2026-08-22,8
4537,84,2026-08-21,7
4538,84,2026-08-20,5
4539,84,2026-08-13,3
4540,84,2026-08-12,5
4541,84,2026-08-07,5
4542,84,2026-08-02,5
4543,84,2026-07-30,8
4544,84,2026-07-28,1
4545,84,2026-07-25,5
4546,84,2026-07-23,5
4547,84,2026-07-22,4
4548,84,2026-07-21,8
4549,84,2026-07-18,1
4550,84,2026-07-14,6
4551,84,2026-07-13,3
4552,84,2026-07-12,8
4553,84,2026-07-11,2
4554,84,2026-07-03,8
4555,84,2026-06-30,2
4556,84,2026-06-24,7
4557,84,2026-06-23,3
4558,84,2026-06-20,8
4559,84,2026-06-19,7
4560,84,2026-06-18,6
4561,84,2026-06-16,1
4562,84,2026-06-13,1
4563,84,2026-06-10,6
4564,84,2026-06-09,1
4565,84,2026-06-06,3
4566,84,2026-06-04,8
4567,84,2026-06-02,2
4568,84,2026-05-28,5
4569,84,2026-05-23,6
4570,84,2026-05-22,6
4571,84,2026-05-21,8
4572,84,2026-05-19,8
4573,84,2026-05-17,2
4574,84,2026-05-15,4
4575,84,2026-05-07,4
4576,84,2026-05-06,5
4577,84,2026-04-24,4
4578,84,2026-04-23,7
4579,84,2026-04-22,4
4580,84,2026-04-19,4
4581,84,2026-04-18,9
4582,84,2026-04-17,6
4583,84,2026-04-15,6
4584,84,2026-04-11,6
4585,84,2026-04-10,6
4586,84,2026-04-09,9
4587,84,2026-04-06,4
4588,84,2026-04-02,5
4589,84,2026-03-26,9
4590,84,2026-03-24,9
4591,84,2026-03-22,3
4592,84,2026-03-20,2
4593,84,2026-03-19,6
4594,84,2026-03-18,3
4595,85,2026-09-11,1
4596,85,2026-09-08,2
4597,85,2026-09-04,4
4598,85,2026-08-30,2
4599,85,2026-08-26,4
4600,85,2026-08-17,4
4601,85,2026-08-11,3
4602,85,2026-08-10,2
4603,85,2026-08-08,4
4604,85,2026-08-05,3
4605,85,2026-08-04,3
4606,85,2026-08-02,4
4607,85,2026-08-01,5
4608,85,2026-07-31,5
4609,85,2026-07-27,2
4610,85,2026-07-25,3
4611,85,2026-07-24,3
4612,85,2026-07-23,5
4613,85,2026-07-22,5
4614,85,2026-07-18,5
4615,85,2026-07-16,4
4616,85,2026-07-13,3
4617,85,2026-07-09,5
4618,85,2026-07-08,4
4619,85,2026-07-07,4
4620,85,2026-07-02,2
4621,85,2026-07-01,4
4622,85,2026-06-29,4
4623,85,2026-06-28,4
4624,85,2026-06-27,5
4625,85,2026-06-26,3
4626,85,2026-06-22,2
4627,85,2026-06-18,2
4628,85,2026-06-10,3
4629,85,2026-06-09,5
4630,85,2026-06-05,1
4631,85,2026-06-04,3
4632,85,2026-06-02,5
4633,85,2026-06-01,2
4634,85,2026-05-31,1
4635,85,2026-05-29,1
4636,85,2026-05-27,5
4637,85,2026-05-24,2
4638,85,2026-05-18,1
4639,85,2026-05-16,4
4640,85,2026-05-15,5
4641,85,2026-05-06,5
4642,85,2026-05-04,5
4643,85,2026-05-03,4
4644,85,2026-05-01,3
4645,85,2026-04-29,1
4646,85,2026-04-23,2
4647,85,2026-04-21,1
4648,85,2026-04-20,4
4649,85,2026-04-19,1
4650,85,2026-04-16,4
4651,85,2026-04-15,5
4652,85,2026-04-11,1
4653,85,2026-04-08,4
4654,85,2026-04-04,2
4655,85,2026-04-03,4
4656,85,2026-03-26,4
4657,85,2026-03-24,4
4658,85,2026-03-19,4
4659,86,2026-09-13,1
4660,86,2026-09-12,2
4661,86,2026-09-10,3
4662,86,2026-09-03,4
4663,86,2026-09-01,5
4664,86,2026-08-30,1
4665,86,2026-08-29,1
4666,86,2026-08-25,3
4667,86,2026-08-24,2
4668,86,2026-08-16,3
4669,86,2026-08-15,2
4670,86,2026-08-14,3
4671,86,2026-08-08,4
4672,86,2026-07-29,4
4673,86,2026-07-26,5
4674,86,2026-07-23,2
4675,86,2026-07-19,1
4676,86,2026-07-17,1
4677,86,2026-07-16,4
4678,86,2026-07-15,5
4679,86,2026-07-13,4
4680,86,2026-07-11,5
4681,86,2026-07-08,5
4682,86,2026-07-05,3
4683,86,2026-07-04,4
4684,86,2026-06-28,2
4685,86,2026-06-27,5
4686,86,2026-06-26,5
4687,86,2026-06-25,3
4688,86,2026-06-22,3
4689,86,2026-06-20,1
4690,86,2026-06-19,4
4691,86,2026-06-18,2
4692,86,2026-06-16,3
4693,86,2026-06-11,3
4694,86,2026-06-10,3
4695,86,2026-06-08,5
4696,86,2026-06-06,5
4697,86,2026-06-05,5
4698,86,2026-06-04,5
4699,86,2026-06-03,2
4700,86,2026-05-26,2
4701,86,2026-05-25,2
4702,86,2026-05-23,2
4703,86,2026-05-22,3
4704,86,2026-05-21,3
4705,86,2026-05-18,3
4706,86,2026-05-17,5
4707,86,2026-05-16,3
4708,86,2026-05-10,4
4709,86,2026-05-08,2
4710,86,2026-05-07,3
4711,86,2026-05-02,2
4712,86,2026-04-29,3
4713,86,2026-04-24,5
4714,86,2026-04-23,4
4715,86,2026-04-20,3
4716,86,2026-04-13,4
4717,86,2026-04-11,2
4718,86,2026-04-07,5
4719,86,2026-04-03,3
4720,86,2026-04-01,3
4721,86,2026-03-24,2
4722,86,2026-03-20,3
4723,86,2026-03-19,2
4724,86,2026-03-18,5
4725,87,2026-09-12,1
4726,87,2026-09-11,2
4727,87,2026-09-08,3
4728,87,2026-08-29,2
4729,87,2026-08-27,4
4730,87,2026-08-25,5
4731,87,2026-08-24,6
4732,87,2026-08-22,7
4733,87,2026-08-21,4
4734,87,2026-08-20,5
4735,87,2026-08-19,5
4736,87,2026-08-18,3
4737,87,2026-08-14,3
4738,87,2026-08-11,4
4739,87,2026-08-09,2
4740,87,2026-08-08,2
4741,87,2026-08-05,7
4742,87,2026-08-04,5
4743,87,2026-07-26,6
4744,87,2026-07-23,3
4745,87,2026-07-22,4
4746,87,2026-07-20,5
4747,87,2026-07-18,1
4748,87,2026-07-16,2
4749,87,2026-07-14,5
4750,87,2026-07-12,6
4751,87,2026-07-11,4
4752,87,2026-07-09,3
4753,87,2026-07-07,6
4754,87,2026-07-05,4
4755,87,2026-07-03,1
4756,87,2026-07-02,7
4757,87,2026-06-30,7
4758,87,2026-06-27,5
4759,87,2026-06-25,5
4760,87,2026-06-24,4
4761,87,2026-06-18,6
4762,87,2026-06-17,3
4763,87,2026-06-09,2
4764,87,2026-06-08,1
4765,87,2026-06-07,2
4766,87,2026-06-06,1
4767,87,2026-06-02,1
4768,87,2026-06-01,6
4769,87,2026-05-31,3
4770,87,2026-05-30,4
4771,87,2026-05-29,4
4772,87,2026-05-28,1
4773,87,2026-05-25,1
4774,87,2026-05-24,3
4775,87,2026-05-23,1
4776,87,2026-05-21,3
4777,87,2026-05-19,4
4778,87,2026-05-13,6
4779,87,2026-05-11,4
4780,87,2026-05-03,6
4781,87,2026-05-02,1
4782,87,2026-04-28,2
4783,87,2026-04-26,5
4784,87,2026-04-23,4
4785,87,2026-04-22,5
4786,87,2026-04-20,3
4787,87,2026-04-19,1
4788,87,2026-04-18,4
4789,87,2026-04-17,6
4790,87,2026-04-10,1
4791,87,2026-04-08,3
4792,87,2026-04-05,6
4793,87,2026-04-03,2
4794,87,2026-03-30,2
4795,87,2026-03-26,5
4796,87,2026-03-22,1
4797,87,2026-03-21,7
4798,87,2026-03-20,2
4799,87,2026-03-19,2
4800,88,2026-09-09,6
4801,88,2026-09-08,6
4802,88,2026-09-05,1
4803,88,2026-09-04,2
4804,88,2026-09-03,1
4805,88,2026-08-29,4
4806,88,2026-08-27,2
4807,88,2026-08-23,6
4808,88,2026-08-21,6
4809,88,2026-08-16,5
4810,88,2026-08-11,2
4811,88,2026-08-09,4
4812,88,2026-08-08,3
4813,88,2026-08-04,7
4814,88,2026-08-02,3
4815,88,2026-08-01,1
4816,88,2026-07-31,7
4817,88,2026-07-30,3
4818,88,2026-07-28,3
4819,88,2026-07-27,2
4820,88,2026-07-25,6
4821,88,2026-07-24,4
4822,88,2026-07-16,1
4823,88,2026-07-14,7
4824,88,2026-07-10,7
4825,88,2026-07-07,5
4826,88,2026-07-06,3
4827,88,2026-07-02,4
4828,88,2026-07-01,2
4829,88,2026-06-28,7
4830,88,2026-06-24,6
4831,88,2026-06-23,7
4832,88,2026-06-21,2
4833,88,2026-06-19,5
4834,88,2026-06-18,4
4835,88,2026-06-16,1
4836,88,2026-06-14,4
4837,88,2026-06-12,7
4838,88,2026-06-11,7
4839,88,2026-06-05,7
4840,88,2026-06-04,2
4841,88,2026-06-02,2
4842,88,2026-05-26,1
4843,88,2026-05-24,5
4844,88,2026-05-22,3
4845,88,2026-05-20,5
4846,88,2026-05-18,4
4847,88,2026-05-15,7
4848,88,2026-05-14,6
4849,88,2026-05-11,1
4850,88,2026-05-07,3
4851,88,2026-05-03,7
4852,88,2026-05-02,5
4853,88,2026-04-29,4
4854,88,2026-04-28,4
4855,88,2026-04-25,3
4856,88,2026-04-24,2
4857,88,2026-04-23,2
4858,88,2026-04-22,7
4859,88,2026-04-20,6
4860,88,2026-04-19,7
4861,88,2026-04-18,3
4862,88,2026-04-17,5
4863,88,2026-04-16,6
4864,88,2026-04-14,4
4865,88,2026-04-10,7
4866,88,2026-04-06,2
4867,88,2026-04-04,4
4868,88,2026-03-27,3
4869,88,2026-03-20,5
4870,88,2026-03-18,3
4871,91,2026-09-12,3
4872,91,2026-09-06,1
4873,91,2026-09-02,2
4874,91,2026-08-29,2
4875,91,2026-08-28,6
4876,91,2026-08-23,7
4877,91,2026-08-20,7
4878,91,2026-08-17,4
4879,91,2026-08-13,4
4880,91,2026-08-12,2
4881,91,2026-08-10,6
4882,91,2026-08-06,7
4883,91,2026-08-04,4
4884,91,2026-08-01,2
4885,91,2026-07-27,5
4886,91,2026-07-23,3
4887,91,2026-07-19,7
4888,91,2026-07-18,6
4889,91,2026-07-15,5
4890,91,2026-07-14,6
4891,91,2026-07-13,3
4892,91,2026-07-12,3
4893,91,2026-07-11,2
4894,91,2026-07-10,6
4895,91,2026-07-09,4
4896,91,2026-07-07,3
4897,91,2026-07-06,4
4898,91,2026-07-04,3
4899,91,2026-07-02,7
4900,91,2026-06-29,6
4901,91,2026-06-28,6
4902,91,2026-06-23,3
4903,91,2026-06-22,4
4904,91,2026-06-21,5
4905,91,2026-06-20,4
4906,91,2026-06-19,5
4907,91,2026-06-16,6
4908,91,2026-06-14,3
4909,91,2026-06-13,2
4910,91,2026-06-10,5
4911,91,2026-06-08,2
4912,91,2026-06-07,2
4913,91,2026-06-06,7
4914,91,2026-06-03,6
4915,91,2026-06-02,7
4916,91,2026-06-01,6
4917,91,2026-05-31,6
4918,91,2026-05-30,4
4919,91,2026-05-24,3
4920,91,2026-05-23,2
4921,91,2026-05-22,4
4922,91,2026-05-18,7
4923,91,2026-05-15,2
4924,91,2026-05-14,6
4925,91,2026-05-11,7
4926,91,2026-05-06,3
4927,91,2026-05-04,7
4928,91,2026-05-02,7
4929,91,2026-05-01,4
4930,91,2026-04-30,4
4931,91,2026-04-29,7
4932,91,2026-04-24,3
4933,91,2026-04-22,4
4934,91,2026-04-20,1
4935,91,2026-04-19,7
4936,91,2026-04-13,3
4937,91,2026-04-10,1
4938,91,2026-04-09,5
4939,91,2026-04-08,4
4940,91,2026-04-07,4
4941,91,2026-04-05,5
4942,91,2026-04-04,5
4943,91,2026-04-03,7
4944,91,2026-04-02,2
4945,91,2026-03-30,1
4946,91,2026-03-26,1
4947,93,2026-09-07,3
4948,93,2026-09-06,1
4949,93,2026-09-03,3
4950,93,2026-09-01,3
4951,93,2026-08-31,3
4952,93,2026-08-28,4
4953,93,2026-08-26,4
4954,93,2026-08-24,3
4955,93,2026-08-21,3
4956,93,2026-08-19,3
4957,93,2026-08-18,2
4958,93,2026-08-17,3
4959,93,2026-08-10,2
4960,93,2026-08-08,5
4961,93,2026-08-07,1
4962,93,2026-08-05,2
4963,93,2026-08-02,3
4964,93,2026-07-29,3
4965,93,2026-07-27,5
4966,93,2026-07-22,4
4967,93,2026-07-21,5
4968,93,2026-07-16,2
4969,93,2026-07-13,4
4970,93,2026-07-07,3
4971,93,2026-07-06,4
4972,93,2026-07-05,3
4973,93,2026-07-03,4
4974,93,2026-07-01,4
4975,93,2026-06-30,4
4976,93,2026-06-29,1
4977,93,2026-06-26,1
4978,93,2026-06-25,3
4979,93,2026-06-23,5
4980,93,2026-06-22,3
4981,93,2026-06-20,1
4982,93,2026-06-11,2
4983,93,2026-06-10,2
4984,93,2026-06-08,3
4985,93,2026-05-28,5
4986,93,2026-05-27,3
4987,93,2026-05-26,2
4988,93,2026-05-25,3
4989,93,2026-05-24,2
4990,93,2026-05-21,4
4991,93,2026-05-19,4
4992,93,2026-05-17,3
4993,93,2026-05-15,3
4994,93,2026-05-14,3
4995,93,2026-05-11,2
4996,93,2026-05-10,5
4997,93,2026-05-06,1
4998,93,2026-05-04,5
4999,93,2026-05-03,1
5000,93,2026-04-29,4
5001,93,2026-04-26,2
5002,93,2026-04-24,5
5003,93,2026-04-22,1
5004,93,2026-04-21,1
5005,93,2026-04-19,1
5006,93,2026-04-17,4
5007,93,2026-04-15,3
5008,93,2026-04-14,1
5009,93,2026-04-13,2
5010,93,2026-04-12,1
5011,93,2026-04-10,2
5012,93,2026-04-09,3
5013,93,2026-04-07,5
5014,93,2026-04-06,5
5015,93,2026-04-02,5
5016,93,2026-03-31,4
5017,93,2026-03-30,4
5018,93,2026-03-28,5
5019,93,2026-03-27,2
5020,93,2026-03-19,2
5021,94,2026-09-13,6
5022,94,2026-09-10,4
5023,94,2026-09-09,2
5024,94,2026-09-08,6
5025,94,2026-09-03,1
5026,94,2026-09-01,3
5027,94,2026-08-30,5
5028,94,2026-08-25,2
5029,94,2026-08-24,4
5030,94,2026-08-23,2
5031,94,2026-08-21,4
5032,94,2026-08-20,1
5033,94,2026-08-14,1
5034,94,2026-08-08,4
5035,94,2026-08-07,5
5036,94,2026-08-06,5
5037,94,2026-08-05,1
5038,94,2026-07-31,1
5039,94,2026-07-30,5
5040,94,2026-07-26,5
5041,94,2026-07-16,7
5042,94,2026-07-13,3
5043,94,2026-07-11,7
5044,94,2026-07-10,5
5045,94,2026-07-07,6
5046,94,2026-07-04,3
5047,94,2026-07-03,5
5048,94,2026-06-30,6
5049,94,2026-06-28,1
5050,94,2026-06-27,1
5051,94,2026-06-25,5
5052,94,2026-06-24,4
5053,94,2026-06-19,4
5054,94,2026-06-18,3
5055,94,2026-06-15,4
5056,94,2026-06-14,5
5057,94,2026-06-12,2
5058,94,2026-06-11,6
5059,94,2026-06-10,4
5060,94,2026-06-09,2
5061,94,2026-06-08,1
5062,94,2026-06-07,1
5063,94,2026-06-05,2
5064,94,2026-06-01,7
5065,94,2026-05-31,4
5066,94,2026-05-28,5
5067,94,2026-05-24,1
5068,94,2026-05-23,1
5069,94,2026-05-22,7
5070,94,2026-05-21,5
5071,94,2026-05-18,5
5072,94,2026-05-17,6
5073,94,2026-05-13,7
5074,94,2026-05-11,7
5075,94,2026-05-10,6
5076,94,2026-05-09,1
5077,94,2026-05-07,3
5078,94,2026-05-03,2
5079,94,2026-05-01,5
5080,94,2026-04-28,4
5081,94,2026-04-27,7
5082,94,2026-04-24,6
5083,94,2026-04-23,1
5084,94,2026-04-20,4
5085,94,2026-04-16,3
5086,94,2026-04-14,5
5087,94,2026-04-13,5
5088,94,2026-04-11,1
5089,94,2026-04-09,5
5090,94,2026-04-08,1
5091,94,2026-04-05,3
5092,94,2026-04-04,5
5093,94,2026-04-03,2
5094,94,2026-04-02,5
5095,94,2026-04-01,6
5096,94,2026-03-30,1
5097,94,2026-03-26,7
5098,94,2026-03-23,2
5099,94,2026-03-22,3
5100,94,2026-03-21,5
5101,94,2026-03-19,2
5102,94,2026-03-18,5
5103,96,2026-09-12,4
5104,96,2026-09-07,6
5105,96,2026-09-05,4
5106,96,2026-09-04,1
5107,96,2026-08-31,6
5108,96,2026-08-30,6
5109,96,2026-08-28,6
5110,96,2026-08-27,6
5111,96,2026-08-21,5
5112,96,2026-08-12,1
5113,96,2026-08-10,1
5114,96,2026-08-06,3
5115,96,2026-07-25,1
5116,96,2026-07-22,4
5117,96,2026-07-16,5
5118,96,2026-07-15,5
5119,96,2026-07-14,7
5120,96,2026-07-11,5
5121,96,2026-07-08,6
5122,96,2026-07-04,3
5123,96,2026-07-03,5
5124,96,2026-07-02,7
5125,96,2026-06-30,3
5126,96,2026-06-21,3
5127,96,2026-06-18,2
5128,96,2026-06-17,7
5129,96,2026-06-08,1
5130,96,2026-06-05,4
5131,96,2026-06-01,2
5132,96,2026-05-30,1
5133,96,2026-05-27,7
5134,96,2026-05-23,7
5135,96,2026-05-20,4
5136,96,2026-05-18,1
5137,96,2026-05-16,4
5138,96,2026-05-12,1
5139,96,2026-05-11,1
5140,96,2026-05-04,1
5141,96,2026-05-02,5
5142,96,2026-04-30,7
5143,96,2026-04-25,1
5144,96,2026-04-23,5
5145,96,2026-04-22,4
5146,96,2026-04-21,4
5147,96,2026-04-18,2
5148,96,2026-04-15,6
5149,96,2026-04-12,2
5150,96,2026-04-08,1
5151,96,2026-04-06,2
5152,96,2026-04-05,7
5153,96,2026-04-04,7
5154,96,2026-04-02,3
5155,96,2026-03-29,6
5156,96,2026-03-27,6
5157,96,2026-03-24,5
5158,96,2026-03-23,3
5159,97,2026-09-13,4
5160,97,2026-09-08,3
5161,97,2026-09-07,2
5162,97,2026-09-01,5
5163,97,2026-08-24,7
5164,97,2026-08-22,2
5165,97,2026-08-21,7
5166,97,2026-08-15,4
5167,97,2026-08-12,7
5168,97,2026-08-11,6
5169,97,2026-08-09,7
5170,97,2026-08-08,5
5171,97,2026-08-07,7
5172,97,2026-07-27,4
5173,97,2026-07-24,5
5174,97,2026-07-23,5
5175,97,2026-07-22,1
5176,97,2026-07-21,1
5177,97,2026-07-19,3
5178,97,2026-07-17,4
5179,97,2026-07-13,2
5180,97,2026-07-11,5
5181,97,2026-07-08,7
5182,97,2026-07-06,2
5183,97,2026-07-03,7
5184,97,2026-06-30,7
5185,97,2026-06-28,2
5186,97,2026-06-27,5
5187,97,2026-06-26,6
5188,97,2026-06-24,3
5189,97,2026-06-23,4
5190,97,2026-06-21,6
5191,97,2026-06-16,3
5192,97,2026-06-15,3
5193,97,2026-06-12,6
5194,97,2026-06-08,3
5195,97,2026-06-05,6
5196,97,2026-06-03,4
5197,97,2026-06-01,3
5198,97,2026-05-28,6
5199,97,2026-05-27,6
5200,97,2026-05-24,5
5201,97,2026-05-21,5
5202,97,2026-05-19,2
5203,97,2026-05-14,6
5204,97,2026-05-11,5
5205,97,2026-05-10,4
5206,97,2026-05-09,2
5207,97,2026-05-07,4
5208,97,2026-05-04,7
5209,97,2026-04-29,7
5210,97,2026-04-28,7
5211,97,2026-04-27,1
5212,97,2026-04-25,1
5213,97,2026-04-24,4
5214,97,2026-04-22,7
5215,97,2026-04-20,3
5216,97,2026-04-17,5
5217,97,2026-04-16,3
5218,97,2026-04-15,4
5219,97,2026-04-14,5
5220,97,2026-04-12,3
5221,97,2026-04-10,4
5222,97,2026-04-09,4
5223,97,2026-04-07,6
5224,97,2026-04-05,7
5225,97,2026-04-03,2
5226,97,2026-04-02,4
5227,97,2026-03-27,1
5228,97,2026-03-21,1
5229,97,2026-03-19,6
5230,97,2026-03-18,2
5231,99,2026-09-13,2
5232,99,2026-09-11,3
5233,99,2026-09-07,2
5234,99,2026-09-06,1
5235,99,2026-09-05,5
5236,99,2026-08-31,5
5237,99,2026-08-26,2
5238,99,2026-08-23,3
5239,99,2026-08-21,3
5240,99,2026-08-19,5
5241,99,2026-08-17,3
5242,99,2026-08-15,1
5243,99,2026-08-14,5
5244,99,2026-08-07,5
5245,99,2026-08-06,3
5246,99,2026-08-02,3
5247,99,2026-07-30,5
5248,99,2026-07-29,3
5249,99,2026-07-28,4
5250,99,2026-07-27,2
5251,99,2026-07-26,5
5252,99,2026-07-24,4
5253,99,2026-07-20,1
5254,99,2026-07-17,2
5255,99,2026-07-14,2
5256,99,2026-07-11,1
5257,99,2026-07-10,4
5258,99,2026-07-06,1
5259,99,2026-07-03,2
5260,99,2026-07-01,1
5261,99,2026-06-26,4
5262,99,2026-06-25,4
5263,99,2026-06-24,5
5264,99,2026-06-22,5
5265,99,2026-06-19,4
5266,99,2026-06-17,4
5267,99,2026-06-16,5
5268,99,2026-06-12,4
5269,99,2026-06-11,4
5270,99,2026-06-07,3
5271,99,2026-06-06,4
5272,99,2026-05-31,5
5273,99,2026-05-27,4
5274,99,2026-05-26,5
5275,99,2026-05-25,4
5276,99,2026-05-22,5
5277,99,2026-05-21,5
5278,99,2026-05-20,3
5279,99,2026-05-19,4
5280,99,2026-05-15,1
5281,99,2026-05-12,3
5282,99,2026-05-10,5
5283,99,2026-05-08,4
5284,99,2026-05-05,5
5285,99,2026-05-03,4
5286,99,2026-04-30,3
5287,99,2026-04-26,2
5288,99,2026-04-25,2
5289,99,2026-04-22,4
5290,99,2026-04-15,4
5291,99,2026-04-14,4
5292,99,2026-04-12,5
5293,99,2026-04-11,1
5294,99,2026-04-10,1
5295,99,2026-04-09,2
5296,99,2026-04-05,1
5297,99,2026-04-01,1
5298,99,2026-03-31,4
5299,99,2026-03-25,5
5300,99,2026-03-23,5
5301,99,2026-03-21,1
5302,99,2026-03-19,3
5303,100,2026-09-12,1
5304,100,2026-09-10,1
5305,100,2026-09-09,5
5306,100,2026-09-08,3
5307,100,2026-09-07,4
5308,100,2026-09-05,2
5309,100,2026-09-04,3
5310,100,2026-09-02,5
5311,100,2026-09-01,4
5312,100,2026-08-28,1
5313,100,2026-08-26,4
5314,100,2026-08-25,3
5315,100,2026-08-19,5
5316,100,2026-08-16,3
5317,100,2026-08-15,1
5318,100,2026-08-14,5
5319,100,2026-08-08,4
5320,100,2026-08-05,3
5321,100,2026-08-04,5
5322,100,2026-08-02,1
5323,100,2026-07-30,4
5324,100,2026-07-29,3
5325,100,2026-07-24,4
5326,100,2026-07-15,3
5327,100,2026-07-12,5
5328,100,2026-07-11,2
5329,100,2026-07-10,5
5330,100,2026-07-08,2
5331,100,2026-07-06,1
5332,100,2026-07-01,1
5333,100,2026-06-29,4
5334,100,2026-06-25,3
5335,100,2026-06-21,2
5336,100,2026-06-19,5
5337,100,2026-06-18,2
5338,100,2026-06-17,2
5339,100,2026-06-15,4
5340,100,2026-06-11,2
5341,100,2026-06-09,2
5342,100,2026-06-07,3
5343,100,2026-06-06,1
5344,100,2026-06-04,2
5345,100,2026-06-02,1
5346,100,2026-05-23,2
5347,100,2026-05-20,2
5348,100,2026-05-19,3
5349,100,2026-05-12,2
5350,100,2026-05-11,3
5351,100,2026-05-09,3
5352,100,2026-05-08,5
5353,100,2026-05-07,4
5354,100,2026-05-05,2
5355,100,2026-04-29,4
5356,100,2026-04-27,1
5357,100,2026-04-26,4
5358,100,2026-04-24,4
5359,100,2026-04-23,1
5360,100,2026-04-17,5
5361,100,2026-04-15,2
5362,100,2026-04-10,4
5363,100,2026-04-09,5
5364,100,2026-04-06,1
5365,100,2026-04-05,3
5366,100,2026-04-04,5
5367,100,2026-04-01,1
5368,100,2026-03-29,1
5369,100,2026-03-19,3
5370,102,2026-09-12,4
5371,102,2026-09-05,4
5372,102,2026-09-03,2
5373,102,2026-09-02,4
5374,102,2026-09-01,1
5375,102,2026-08-30,1
5376,102,2026-08-27,5
5377,102,2026-08-26,2
5378,102,2026-08-24,9
5379,102,2026-08-19,9
5380,102,2026-08-14,7
5381,102,2026-08-13,9
5382,102,2026-08-11,6
5383,102,2026-08-08,6
5384,102,2026-08-06,5
5385,102,2026-08-01,3
5386,102,2026-07-30,6
5387,102,2026-07-28,5
5388,102,2026-07-26,2
5389,102,2026-07-22,5
5390,102,2026-07-20,3
5391,102,2026-07-19,8
5392,102,2026-07-16,7
5393,102,2026-07-15,7
5394,102,2026-07-12,2
5395,102,2026-07-10,1
5396,102,2026-07-09,6
5397,102,2026-07-04,6
5398,102,2026-07-02,4
5399,102,2026-06-29,6
5400,102,2026-06-22,9
5401,102,2026-06-20,4
5402,102,2026-06-14,5
5403,102,2026-06-09,9
5404,102,2026-06-07,6
5405,102,2026-06-06,3
5406,102,2026-06-03,1
5407,102,2026-06-01,9
5408,102,2026-05-30,7
5409,102,2026-05-28,1
5410,102,2026-05-25,7
5411,102,2026-05-24,2
5412,102,2026-05-23,3
5413,102,2026-05-22,1
5414,102,2026-05-21,2
5415,102,2026-05-19,8
5416,102,2026-05-14,6
5417,102,2026-05-12,6
5418,102,2026-05-09,8
5419,102,2026-05-07,8
5420,102,2026-05-04,7
5421,102,2026-05-03,1
5422,102,2026-04-29,3
5423,102,2026-04-27,1
5424,102,2026-04-25,3
5425,102,2026-04-18,6
5426,102,2026-04-14,2
5427,102,2026-04-09,8
5428,102,2026-04-07,6
5429,102,2026-04-02,2
5430,102,2026-04-01,7
5431,102,2026-03-31,8
5432,102,2026-03-27,2
5433,102,2026-03-26,2
5434,103,2026-09-09,5
5435,103,2026-09-07,2
5436,103,2026-09-03,3
5437,103,2026-08-27,1
5438,103,2026-08-25,2
5439,103,2026-08-23,4
5440,103,2026-08-22,4
5441,103,2026-08-17,5
5442,103,2026-08-12,5
5443,103,2026-08-09,3
5444,103,2026-08-04,5
5445,103,2026-07-30,3
5446,103,2026-07-29,2
5447,103,2026-07-27,5
5448,103,2026-07-26,3
5449,103,2026-07-22,3
5450,103,2026-07-21,5
5451,103,2026-07-20,5
5452,103,2026-07-11,3
5453,103,2026-07-06,2
5454,103,2026-07-05,5
5455,103,2026-07-02,5
5456,103,2026-07-01,2
5457,103,2026-06-29,3
5458,103,2026-06-28,2
5459,103,2026-06-26,5
5460,103,2026-06-25,1
5461,103,2026-06-24,3
5462,103,2026-06-23,3
5463,103,2026-06-22,2
5464,103,2026-06-20,5
5465,103,2026-06-16,3
5466,103,2026-06-15,3
5467,103,2026-06-14,3
5468,103,2026-06-11,1
5469,103,2026-06-10,1
5470,103,2026-06-07,3
5471,103,2026-06-06,2
5472,103,2026-06-01,3
5473,103,2026-05-31,3
5474,103,2026-05-28,3
5475,103,2026-05-26,3
5476,103,2026-05-25,1
5477,103,2026-05-24,5
5478,103,2026-05-19,4
5479,103,2026-05-17,4
5480,103,2026-05-15,4
5481,103,2026-05-14,1
5482,103,2026-05-13,2
5483,103,2026-05-09,1
5484,103,2026-05-07,5
5485,103,2026-05-06,2
5486,103,2026-05-05,5
5487,103,2026-05-03,1
5488,103,2026-05-02,5
5489,103,2026-04-30,4
5490,103,2026-04-27,5
5491,103,2026-04-25,2
5492,103,2026-04-24,2
5493,103,2026-04-23,5
5494,103,2026-04-21,5
5495,103,2026-04-20,3
5496,103,2026-04-16,2
5497,103,2026-04-12,3
5498,103,2026-04-11,5
5499,103,2026-04-10,4
5500,103,2026-04-09,3
5501,103,2026-04-08,1
5502,103,2026-04-06,3
5503,103,2026-04-05,5
5504,103,2026-04-03,2
5505,103,2026-04-01,1
5506,103,2026-03-31,5
5507,103,2026-03-24,3
5508,103,2026-03-23,1
5509,103,2026-03-19,2
5510,104,2026-09-13,4
5511,104,2026-09-09,3
5512,104,2026-09-08,5
5513,104,2026-09-03,2
5514,104,2026-09-02,2
5515,104,2026-09-01,5
5516,104,2026-08-29,3
5517,104,2026-08-27,1
5518,104,2026-08-25,3
5519,104,2026-08-24,3
5520,104,2026-08-17,5
5521,104,2026-08-14,1
5522,104,2026-08-13,4
5523,104,2026-08-12,1
5524,104,2026-08-10,1
5525,104,2026-08-06,3
5526,104,2026-07-31,2
5527,104,2026-07-30,4
5528,104,2026-07-28,4
5529,104,2026-07-27,1
5530,104,2026-07-26,1
5531,104,2026-07-25,2
5532,104,2026-07-18,3
5533,104,2026-07-16,2
5534,104,2026-07-13,5
5535,104,2026-07-11,5
5536,104,2026-07-05,5
5537,104,2026-07-04,5
5538,104,2026-07-01,1
5539,104,2026-06-30,5
5540,104,2026-06-29,3
5541,104,2026-06-27,5
5542,104,2026-06-25,5
5543,104,2026-06-22,5
5544,104,2026-06-15,1
5545,104,2026-06-13,2
5546,104,2026-06-11,3
5547,104,2026-06-10,4
5548,104,2026-06-04,3
5549,104,2026-06-03,3
5550,104,2026-06-02,4
5551,104,2026-05-31,3
5552,104,2026-05-27,5
5553,104,2026-05-19,1
5554,104,2026-05-17,4
5555,104,2026-05-16,5
5556,104,2026-05-14,3
5557,104,2026-05-12,1
5558,104,2026-05-10,2
5559,104,2026-05-08,4
5560,104,2026-05-06,1
5561,104,2026-05-05,5
5562,104,2026-05-03,1
5563,104,2026-05-01,5
5564,104,2026-04-29,4
5565,104,2026-04-23,5
5566,104,2026-04-20,4
5567,104,2026-04-19,3
5568,104,2026-04-15,1
5569,104,2026-04-14,1
5570,104,2026-04-12,2
5571,104,2026-04-10,5
5572,104,2026-04-08,2
5573,104,2026-04-07,1
5574,104,2026-04-06,5
5575,104,2026-04-02,2
5576,104,2026-03-30,4
5577,104,2026-03-29,1
5578,104,2026-03-22,2
5579,104,2026-03-18,4
5580,105,2026-09-13,2
5581,105,2026-09-12,2
5582,105,2026-09-07,3
5583,105,2026-09-06,4
5584,105,2026-09-05,4
5585,105,2026-09-02,5
5586,105,2026-09-01,4
5587,105,2026-08-30,5
5588,105,2026-08-24,2
5589,105,2026-08-23,4
5590,105,2026-08-22,1
5591,105,2026-08-19,5
5592,105,2026-08-13,1
5593,105,2026-08-12,4
5594,105,2026-08-10,4
5595,105,2026-08-09,1
5596,105,2026-08-06,5
5597,105,2026-08-04,2
5598,105,2026-08-02,4
5599,105,2026-07-31,2
5600,105,2026-07-26,4
5601,105,2026-07-25,3
5602,105,2026-07-21,4
5603,105,2026-07-20,2
5604,105,2026-07-19,1
5605,105,2026-07-16,2
5606,105,2026-07-15,2
5607,105,2026-07-14,4
5608,105,2026-07-11,4
5609,105,2026-07-07,4
5610,105,2026-07-01,1
5611,105,2026-06-30,3
5612,105,2026-06-29,1
5613,105,2026-06-24,1
5614,105,2026-06-22,1
5615,105,2026-06-21,2
5616,105,2026-06-17,2
5617,105,2026-06-16,2
5618,105,2026-06-11,5
5619,105,2026-06-08,5
5620,105,2026-06-07,2
5621,105,2026-06-06,4
5622,105,2026-06-02,4
5623,105,2026-05-30,5
5624,105,2026-05-29,4
5625,105,2026-05-28,2
5626,105,2026-05-24,1
5627,105,2026-05-16,3
5628,105,2026-05-15,3
5629,105,2026-05-11,2
5630,105,2026-05-10,4
5631,105,2026-05-08,3
5632,105,2026-05-03,4
5633,105,2026-04-29,4
5634,105,2026-04-27,4
5635,105,2026-04-23,2
5636,105,2026-04-22,2
5637,105,2026-04-17,4
5638,105,2026-04-13,4
5639,105,2026-04-11,1
5640,105,2026-04-09,4
5641,105,2026-04-06,1
5642,105,2026-04-01,3
5643,105,2026-03-31,5
5644,105,2026-03-29,2
5645,105,2026-03-28,3
5646,105,2026-03-23,2
5647,105,2026-03-22,4
5648,105,2026-03-21,5
5649,106,2026-09-12,3
5650,106,2026-09-10,5
5651,106,2026-09-07,1
5652,106,2026-09-06,3
5653,106,2026-09-04,7
5654,106,2026-09-02,3
5655,106,2026-08-28,1
5656,106,2026-08-27,4
5657,106,2026-08-21,6
5658,106,2026-08-17,4
5659,106,2026-08-14,5
5660,106,2026-08-13,4
5661,106,2026-08-12,2
5662,106,2026-08-10,1
5663,106,2026-08-06,3
5664,106,2026-08-05,6
5665,106,2026-08-04,2
5666,106,2026-07-30,2
5667,106,2026-07-29,4
5668,106,2026-07-26,2
5669,106,2026-07-25,1
5670,106,2026-07-22,6
5671,106,2026-07-21,3
5672,106,2026-07-20,2
5673,106,2026-07-16,1
5674,106,2026-07-14,3
5675,106,2026-07-12,6
5676,106,2026-07-11,2
5677,106,2026-07-09,5
5678,106,2026-07-08,6
5679,106,2026-07-04,7
5680,106,2026-07-03,1
5681,106,2026-07-02,1
5682,106,2026-06-29,3
5683,106,2026-06-27,6
5684,106,2026-06-26,3
5685,106,2026-06-23,5
5686,106,2026-06-15,1
5687,106,2026-06-11,5
5688,106,2026-06-09,7
5689,106,2026-06-08,5
5690,106,2026-06-06,2
5691,106,2026-06-05,5
5692,106,2026-06-04,7
5693,106,2026-06-03,3
5694,106,2026-05-31,7
5695,106,2026-05-29,1
5696,106,2026-05-27,7
5697,106,2026-05-26,6
5698,106,2026-05-25,7
5699,106,2026-05-24,1
5700,106,2026-05-22,2
5701,106,2026-05-18,4
5702,106,2026-05-11,4
5703,106,2026-05-09,4
5704,106,2026-05-05,5
5705,106,2026-05-02,4
5706,106,2026-05-01,1
5707,106,2026-04-23,7
5708,106,2026-04-18,1
5709,106,2026-04-15,7
5710,106,2026-04-14,6
5711,106,2026-04-13,3
5712,106,2026-04-10,6
5713,106,2026-04-08,5
5714,106,2026-04-07,3
5715,106,2026-04-05,1
5716,106,2026-04-04,1
5717,106,2026-04-01,6
5718,106,2026-03-25,1
5719,106,2026-03-23,3
5720,106,2026-03-19,6
5721,106,2026-03-18,4
5722,109,2026-09-12,8
5723,109,2026-09-10,2
5724,109,2026-09-07,2
5725,109,2026-09-06,9
5726,109,2026-08-26,2
5727,109,2026-08-22,3
5728,109,2026-08-20,3
5729,109,2026-08-17,4
5730,109,2026-08-14,4
5731,109,2026-08-13,3
5732,109,2026-08-12,6
5733,109,2026-08-10,4
5734,109,2026-08-06,4
5735,109,2026-08-05,1
5736,109,2026-07-30,5
5737,109,2026-07-29,7
5738,109,2026-07-28,4
5739,109,2026-07-27,4
5740,109,2026-07-26,9
5741,109,2026-07-23,3
5742,109,2026-07-22,7
5743,109,2026-07-20,6
5744,109,2026-07-18,8
5745,109,2026-07-15,8
5746,109,2026-07-13,2
5747,109,2026-07-12,7
5748,109,2026-07-11,4
5749,109,2026-07-09,6
5750,109,2026-07-08,3
5751,109,2026-07-06,5
5752,109,2026-07-02,9
5753,109,2026-06-29,3
5754,109,2026-06-28,7
5755,109,2026-06-26,5
5756,109,2026-06-23,4
5757,109,2026-06-20,5
5758,109,2026-06-17,7
5759,109,2026-06-13,2
5760,109,2026-06-12,3
5761,109,2026-06-07,9
5762,109,2026-06-04,2
5763,109,2026-06-02,2
5764,109,2026-05-30,7
5765,109,2026-05-29,7
5766,109,2026-05-27,4
5767,109,2026-05-26,7
5768,109,2026-05-24,7
5769,109,2026-05-22,8
5770,109,2026-05-17,2
5771,109,2026-05-16,6
5772,109,2026-05-10,3
5773,109,2026-05-08,1
5774,109,2026-05-04,2
5775,109,2026-05-02,6
5776,109,2026-04-29,7
5777,109,2026-04-27,2
5778,109,2026-04-25,7
5779,109,2026-04-24,6
5780,109,2026-04-23,2
5781,109,2026-04-22,1
5782,109,2026-04-21,4
5783,109,2026-04-18,9
5784,109,2026-04-16,1
5785,109,2026-04-15,5
5786,109,2026-04-14,1
5787,109,2026-04-12,1
5788,109,2026-04-11,5
5789,109,2026-04-10,7
5790,109,2026-04-08,3
5791,109,2026-04-02,2
5792,109,2026-03-31,2
5793,109,2026-03-29,8
5794,109,2026-03-24,5
5795,109,2026-03-20,5
5796,110,2026-09-13,6
5797,110,2026-09-11,7
5798,110,2026-09-09,5
5799,110,2026-09-08,5
5800,110,2026-09-07,7
5801,110,2026-09-06,5
5802,110,2026-09-05,7
5803,110,2026-09-01,7
5804,110,2026-08-29,1
5805,110,2026-08-27,7
5806,110,2026-08-25,3
5807,110,2026-08-23,5
5808,110,2026-08-20,4
5809,110,2026-08-14,5
5810,110,2026-08-13,1
5811,110,2026-08-11,1
5812,110,2026-08-10,2
5813,110,2026-08-06,2
5814,110,2026-08-02,5
5815,110,2026-07-31,1
5816,110,2026-07-29,4
5817,110,2026-07-26,4
5818,110,2026-07-22,2
5819,110,2026-07-20,6
5820,110,2026-07-18,1
5821,110,2026-07-16,4
5822,110,2026-07-15,4
5823,110,2026-07-14,2
5824,110,2026-07-13,6
5825,110,2026-07-10,2
5826,110,2026-07-09,5
5827,110,2026-06-30,5
5828,110,2026-06-29,4
5829,110,2026-06-28,1
5830,110,2026-06-27,2
5831,110,2026-06-26,5
5832,110,2026-06-25,5
5833,110,2026-06-24,5
5834,110,2026-06-23,6
5835,110,2026-06-22,2
5836,110,2026-06-20,2
5837,110,2026-06-11,2
5838,110,2026-06-10,5
5839,110,2026-06-08,5
5840,110,2026-06-07,5
5841,110,2026-06-05,4
5842,110,2026-06-04,7
5843,110,2026-06-02,6
5844,110,2026-06-01,2
5845,110,2026-05-31,4
5846,110,2026-05-24,2
5847,110,2026-05-21,4
5848,110,2026-05-14,5
5849,110,2026-05-13,2
5850,110,2026-05-12,5
5851,110,2026-05-11,1
5852,110,2026-05-10,5
5853,110,2026-05-08,6
5854,110,2026-05-03,3
5855,110,2026-05-01,1
5856,110,2026-04-29,4
5857,110,2026-04-23,7
5858,110,2026-04-21,5
5859,110,2026-04-17,7
5860,110,2026-04-13,1
5861,110,2026-04-11,6
5862,110,2026-04-10,4
5863,110,2026-04-08,6
5864,110,2026-04-07,6
5865,110,2026-04-04,4
5866,110,2026-04-01,5
5867,110,2026-03-29,3
5868,110,2026-03-28,3
5869,110,2026-03-18,1
5870,112,2026-09-09,7
5871,112,2026-09-07,3
5872,112,2026-09-05,9
5873,112,2026-09-04,3
5874,112,2026-09-03,8
5875,112,2026-09-02,4
5876,112,2026-09-01,7
5877,112,2026-08-26,2
5878,112,2026-08-22,5
5879,112,2026-08-18,7
5880,112,2026-08-16,3
5881,112,2026-08-15,7
5882,112,2026-08-11,7
5883,112,2026-08-10,2
5884,112,2026-08-07,9
5885,112,2026-08-05,7
5886,112,2026-07-31,2
5887,112,2026-07-30,4
5888,112,2026-07-29,3
5889,112,2026-07-28,7
5890,112,2026-07-27,8
5891,112,2026-07-26,2
5892,112,2026-07-22,1
5893,112,2026-07-16,4
5894,112,2026-07-14,3
5895,112,2026-07-13,4
5896,112,2026-07-11,3
5897,112,2026-07-10,8
5898,112,2026-07-09,7
5899,112,2026-07-07,7
5900,112,2026-07-02,9
5901,112,2026-06-28,1
5902,112,2026-06-27,2
5903,112,2026-06-26,1
5904,112,2026-06-25,8
5905,112,2026-06-22,7
5906,112,2026-06-18,4
5907,112,2026-06-16,2
5908,112,2026-06-14,2
5909,112,2026-06-12,2
5910,112,2026-06-10,8
5911,112,2026-06-08,2
5912,112,2026-06-06,2
5913,112,2026-06-04,5
5914,112,2026-06-02,8
5915,112,2026-06-01,2
5916,112,2026-05-31,2
5917,112,2026-05-29,9
5918,112,2026-05-28,8
5919,112,2026-05-26,8
5920,112,2026-05-22,5
5921,112,2026-05-21,3
5922,112,2026-05-19,1
5923,112,2026-05-13,2
5924,112,2026-05-12,9
5925,112,2026-05-08,8
5926,112,2026-05-06,8
5927,112,2026-05-03,9
5928,112,2026-04-28,2
5929,112,2026-04-27,5
5930,112,2026-04-26,1
5931,112,2026-04-24,2
5932,112,2026-04-22,2
5933,112,2026-04-20,3
5934,112,2026-04-19,8
5935,112,2026-04-12,1
5936,112,2026-04-11,9
5937,112,2026-04-10,3
5938,112,2026-04-08,9
5939,112,2026-04-05,4
5940,112,2026-04-01,8
5941,112,2026-03-29,7
5942,112,2026-03-26,8
5943,112,2026-03-25,1
5944,112,2026-03-24,4
5945,112,2026-03-19,7
5946,112,2026-03-18,4
5947,114,2026-09-10,2
5948,114,2026-09-08,5
5949,114,2026-09-07,5
5950,114,2026-09-03,5
5951,114,2026-09-02,3
5952,114,2026-08-28,5
5953,114,2026-08-27,1
5954,114,2026-08-26,3
5955,114,2026-08-25,3
5956,114,2026-08-24,4
5957,114,2026-08-23,1
5958,114,2026-08-21,5
5959,114,2026-08-20,2
5960,114,2026-08-17,1
5961,114,2026-08-16,4
5962,114,2026-08-15,2
5963,114,2026-08-13,2
5964,114,2026-08-10,5
5965,114,2026-08-07,3
5966,114,2026-08-05,3
5967,114,2026-07-27,5
5968,114,2026-07-26,5
5969,114,2026-07-22,4
5970,114,2026-07-21,4
5971,114,2026-07-19,4
5972,114,2026-07-17,4
5973,114,2026-07-16,4
5974,114,2026-07-15,1
5975,114,2026-07-12,1
5976,114,2026-07-11,4
5977,114,2026-07-10,5
5978,114,2026-06-30,4
5979,114,2026-06-27,2
5980,114,2026-06-26,2
5981,114,2026-06-25,1
5982,114,2026-06-24,4
5983,114,2026-06-21,2
5984,114,2026-06-19,5
5985,114,2026-06-17,2
5986,114,2026-06-16,3
5987,114,2026-06-15,1
5988,114,2026-06-11,4
5989,114,2026-06-07,5
5990,114,2026-06-05,3
5991,114,2026-06-04,3
5992,114,2026-06-03,2
5993,114,2026-05-25,3
5994,114,2026-05-24,5
5995,114,2026-05-18,2
5996,114,2026-05-13,2
5997,114,2026-05-12,5
5998,114,2026-05-09,2
5999,114,2026-05-05,1
6000,114,2026-04-28,5
6001,114,2026-04-25,4
6002,114,2026-04-22,1
6003,114,2026-04-21,1
6004,114,2026-04-19,4
6005,114,2026-04-17,5
6006,114,2026-04-14,4
6007,114,2026-04-13,1
6008,114,2026-04-12,4
6009,114,2026-04-11,5
6010,114,2026-04-09,3
6011,114,2026-04-07,3
6012,114,2026-04-05,4
6013,114,2026-04-03,4
6014,114,2026-03-30,5
6015,114,2026-03-28,2
6016,114,2026-03-26,2
6017,114,2026-03-24,1
6018,114,2026-03-22,1
6019,115,2026-09-03,4
6020,115,2026-08-30,3
6021,115,2026-08-23,3
6022,115,2026-08-22,3
6023,115,2026-08-18,4
6024,115,2026-08-15,1
6025,115,2026-08-11,1
6026,115,2026-08-02,3
6027,115,2026-07-28,1
6028,115,2026-07-27,1
6029,115,2026-07-25,3
6030,115,2026-07-24,1
6031,115,2026-07-21,5
6032,115,2026-07-19,5
6033,115,2026-07-18,4
6034,115,2026-07-10,2
6035,115,2026-07-06,3
6036,115,2026-07-04,5
6037,115,2026-07-02,5
6038,115,2026-07-01,3
6039,115,2026-06-30,5
6040,115,2026-06-27,3
6041,115,2026-06-25,5
6042,115,2026-06-24,3
6043,115,2026-06-23,4
6044,115,2026-06-20,5
6045,115,2026-06-16,2
6046,115,2026-06-15,5
6047,115,2026-06-14,2
6048,115,2026-06-10,4
6049,115,2026-06-07,3
6050,115,2026-06-05,4
6051,115,2026-06-03,3
6052,115,2026-06-02,5
6053,115,2026-05-31,2
6054,115,2026-05-29,5
6055,115,2026-05-21,1
6056,115,2026-05-19,2
6057,115,2026-05-16,5
6058,115,2026-05-15,5
6059,115,2026-05-14,4
6060,115,2026-05-12,5
6061,115,2026-05-11,1
6062,115,2026-05-09,1
6063,115,2026-05-07,4
6064,115,2026-05-04,4
6065,115,2026-05-03,5
6066,115,2026-05-02,4
6067,115,2026-04-29,5
6068,115,2026-04-26,3
6069,115,2026-04-25,3
6070,115,2026-04-24,5
6071,115,2026-04-23,5
6072,115,2026-04-19,2
6073,115,2026-04-18,5
6074,115,2026-04-17,1
6075,115,2026-04-16,1
6076,115,2026-04-13,2
6077,115,2026-04-09,5
6078,115,2026-04-08,4
6079,115,2026-04-04,3
6080,115,2026-04-02,5
6081,115,2026-04-01,1
6082,115,2026-03-26,4
6083,115,2026-03-25,5
6084,115,2026-03-22,3
6085,115,2026-03-21,5
6086,116,2026-09-12,4
6087,116,2026-09-11,5
6088,116,2026-09-10,3
6089,116,2026-09-01,1
6090,116,2026-08-30,3
6091,116,2026-08-29,2
6092,116,2026-08-28,3
6093,116,2026-08-24,4
6094,116,2026-08-23,3
6095,116,2026-08-22,1
6096,116,2026-08-17,2
6097,116,2026-08-16,2
6098,116,2026-08-14,3
6099,116,2026-08-07,5
6100,116,2026-08-06,2
6101,116,2026-08-05,5
6102,116,2026-08-04,2
6103,116,2026-07-30,2
6104,116,2026-07-27,2
6105,116,2026-07-24,4
6106,116,2026-07-21,5
6107,116,2026-07-20,4
6108,116,2026-07-17,1
6109,116,2026-07-12,3
6110,116,2026-07-11,5
6111,116,2026-07-09,5
6112,116,2026-07-08,4
6113,116,2026-07-03,5
6114,116,2026-07-02,4
6115,116,2026-07-01,4
6116,116,2026-06-29,3
6117,116,2026-06-28,4
6118,116,2026-06-25,4
6119,116,2026-06-23,4
6120,116,2026-06-21,2
6121,116,2026-06-18,4
6122,116,2026-06-14,1
6123,116,2026-06-12,4
6124,116,2026-06-11,5
6125,116,2026-06-09,4
6126,116,2026-06-05,3
6127,116,2026-06-04,4
6128,116,2026-06-03,1
6129,116,2026-06-02,3
6130,116,2026-06-01,1
6131,116,2026-05-30,5
6132,116,2026-05-28,3
6133,116,2026-05-27,4
6134,116,2026-05-25,5
6135,116,2026-05-24,5
6136,116,2026-05-23,1
6137,116,2026-05-22,4
6138,116,2026-05-21,4
6139,116,2026-05-20,2
6140,116,2026-05-19,3
6141,116,2026-05-16,5
6142,116,2026-05-13,3
6143,116,2026-05-12,4
6144,116,2026-05-10,4
6145,116,2026-05-08,5
6146,116,2026-05-05,5
6147,116,2026-05-04,5
6148,116,2026-05-02,4
6149,116,2026-05-01,3
6150,116,2026-04-29,4
6151,116,2026-04-28,2
6152,116,2026-04-27,3
6153,116,2026-04-25,1
6154,116,2026-04-22,1
6155,116,2026-04-21,1
6156,116,2026-04-18,5
6157,116,2026-04-16,2
6158,116,2026-04-14,1
6159,116,2026-04-13,3
6160,116,2026-04-11,2
6161,116,2026-04-08,4
6162,116,2026-04-07,3
6163,116,2026-04-02,2
6164,116,2026-03-29,5
6165,116,2026-03-28,1
6166,116,2026-03-21,5
6167,116,2026-03-18,5
6168,117,2026-09-13,1
6169,117,2026-09-12,2
6170,117,2026-09-11,3
6171,117,2026-09-10,5
6172,117,2026-09-09,1
6173,117,2026-09-05,1
6174,117,2026-09-04,2
6175,117,2026-09-03,4
6176,117,2026-09-02,3
6177,117,2026-08-24,1
6178,117,2026-08-19,4
6179,117,2026-08-11,4
6180,117,2026-08-09,5
6181,117,2026-08-06,1
6182,117,2026-08-05,2
6183,117,2026-08-04,1
6184,117,2026-08-02,1
6185,117,2026-07-30,4
6186,117,2026-07-28,2
6187,117,2026-07-26,4
6188,117,2026-07-25,5
6189,117,2026-07-24,1
6190,117,2026-07-19,1
6191,117,2026-07-13,4
6192,117,2026-07-11,2
6193,117,2026-07-09,5
6194,117,2026-07-06,1
6195,117,2026-07-05,3
6196,117,2026-07-02,1
6197,117,2026-06-30,2
6198,117,2026-06-28,5
6199,117,2026-06-27,4
6200,117,2026-06-24,1
6201,117,2026-06-23,2
6202,117,2026-06-21,1
6203,117,2026-06-20,1
6204,117,2026-06-18,2
6205,117,2026-06-17,4
6206,117,2026-06-14,4
6207,117,2026-06-12,1
6208,117,2026-06-07,5
6209,117,2026-06-06,2
6210,117,2026-06-04,5
6211,117,2026-05-28,1
6212,117,2026-05-27,1
6213,117,2026-05-26,2
6214,117,2026-05-25,2
6215,117,2026-05-24,1
6216,117,2026-05-21,5
6217,117,2026-05-20,3
6218,117,2026-05-15,4
6219,117,2026-05-14,3
6220,117,2026-05-12,1
6221,117,2026-05-11,3
6222,117,2026-05-10,3
6223,117,2026-05-09,4
6224,117,2026-05-08,5
6225,117,2026-05-05,4
6226,117,2026-05-03,3
6227,117,2026-05-01,5
6228,117,2026-04-29,1
6229,117,2026-04-28,2
6230,117,2026-04-27,2
6231,117,2026-04-24,5
6232,117,2026-04-23,1
6233,117,2026-04-21,5
6234,117,2026-04-17,3
6235,117,2026-04-16,2
6236,117,2026-04-14,5
6237,117,2026-04-10,4
6238,117,2026-04-08,1
6239,117,2026-04-05,3
6240,117,2026-04-02,4
6241,117,2026-03-31,2
6242,117,2026-03-29,4
6243,117,2026-03-28,4
6244,117,2026-03-27,3
6245,117,2026-03-26,4
6246,117,2026-03-25,5
6247,117,2026-03-24,1
6248,117,2026-03-20,1
6249,117,2026-03-19,2
6250,118,2026-09-11,5
6251,118,2026-09-10,3
6252,118,2026-09-09,1
6253,118,2026-09-08,3
6254,118,2026-09-06,1
6255,118,2026-09-05,2
6256,118,2026-09-03,5
6257,118,2026-09-01,4
6258,118,2026-08-27,2
6259,118,2026-08-25,3
6260,118,2026-08-24,5
6261,118,2026-08-21,3
6262,118,2026-08-20,4
6263,118,2026-08-14,2
6264,118,2026-08-11,3
6265,118,2026-08-10,1
6266,118,2026-08-08,1
6267,118,2026-08-07,5
6268,118,2026-08-06,5
6269,118,2026-08-01,2
6270,118,2026-07-22,2
6271,118,2026-07-16,5
6272,118,2026-07-12,5
6273,118,2026-07-05,1
6274,118,2026-07-02,3
6275,118,2026-06-29,5
6276,118,2026-06-28,3
6277,118,2026-06-23,2
6278,118,2026-06-22,3
6279,118,2026-06-20,2
6280,118,2026-06-18,2
6281,118,2026-06-17,2
6282,118,2026-06-15,1
6283,118,2026-06-07,5
6284,118,2026-06-05,2
6285,118,2026-05-31,2
6286,118,2026-05-28,4
6287,118,2026-05-26,4
6288,118,2026-05-25,3
6289,118,2026-05-23,3
6290,118,2026-05-21,3
6291,118,2026-05-11,3
6292,118,2026-05-08,4
6293,118,2026-05-06,3
6294,118,2026-05-05,3
6295,118,2026-05-04,5
6296,118,2026-04-30,4
6297,118,2026-04-28,4
6298,118,2026-04-27,5
6299,118,2026-04-21,2
6300,118,2026-04-19,5
6301,118,2026-04-15,3
6302,118,2026-04-13,2
6303,118,2026-04-11,3
6304,118,2026-04-04,2
6305,118,2026-04-02,1
6306,118,2026-03-30,1
6307,118,2026-03-29,5
6308,118,2026-03-27,3
6309,118,2026-03-26,5
6310,118,2026-03-25,5
6311,118,2026-03-19,1
6312,119,2026-09-13,3
6313,119,2026-09-12,2
6314,119,2026-09-11,7
6315,119,2026-09-10,5
6316,119,2026-09-09,6
6317,119,2026-09-05,2
6318,119,2026-09-04,7
6319,119,2026-09-02,6
6320,119,2026-08-30,6
6321,119,2026-08-25,2
6322,119,2026-08-20,7
6323,119,2026-08-19,4
6324,119,2026-08-16,7
6325,119,2026-08-13,4
6326,119,2026-08-12,6
6327,119,2026-08-09,5
6328,119,2026-08-08,3
6329,119,2026-08-06,1
6330,119,2026-08-04,2
6331,119,2026-08-03,6
6332,119,2026-08-02,4
6333,119,2026-08-01,2
6334,119,2026-07-25,5
6335,119,2026-07-22,6
6336,119,2026-07-21,4
6337,119,2026-07-20,3
6338,119,2026-07-19,5
6339,119,2026-07-17,6
6340,119,2026-07-16,2
6341,119,2026-07-13,2
6342,119,2026-07-12,1
6343,119,2026-07-05,5
6344,119,2026-07-03,4
6345,119,2026-07-01,7
6346,119,2026-06-27,6
6347,119,2026-06-25,1
6348,119,2026-06-21,5
6349,119,2026-06-16,4
6350,119,2026-06-14,7
6351,119,2026-06-09,5
6352,119,2026-06-06,2
6353,119,2026-06-05,3
6354,119,2026-06-03,7
6355,119,2026-05-30,7
6356,119,2026-05-29,6
6357,119,2026-05-26,2
6358,119,2026-05-23,2
6359,119,2026-05-21,6
6360,119,2026-05-20,5
6361,119,2026-05-16,3
6362,119,2026-05-15,1
6363,119,2026-05-06,6
6364,119,2026-04-30,2
6365,119,2026-04-29,7
6366,119,2026-04-26,7
6367,119,2026-04-25,6
6368,119,2026-04-24,1
6369,119,2026-04-22,6
6370,119,2026-04-17,5
6371,119,2026-04-14,6
6372,119,2026-04-09,7
6373,119,2026-04-04,2
6374,119,2026-04-02,4
6375,119,2026-04-01,2
6376,119,2026-03-30,1
6377,119,2026-03-29,7
6378,119,2026-03-27,6
6379,119,2026-03-24,4
6380,119,2026-03-23,5
6381,119,2026-03-21,4
6382,119,2026-03-20,6
6383,120,2026-09-09,1
6384,120,2026-09-08,1
6385,120,2026-09-06,1
6386,120,2026-09-04,1
6387,120,2026-09-02,3
6388,120,2026-09-01,4
6389,120,2026-08-30,5
6390,120,2026-08-29,3
6391,120,2026-08-28,4
6392,120,2026-08-26,5
6393,120,2026-08-20,4
6394,120,2026-08-19,3
6395,120,2026-08-15,4
6396,120,2026-08-12,1
6397,120,2026-08-09,3
6398,120,2026-08-06,4
6399,120,2026-08-05,5
6400,120,2026-08-04,4
6401,120,2026-08-02,5
6402,120,2026-07-30,5
6403,120,2026-07-29,4
6404,120,2026-07-27,4
6405,120,2026-07-26,1
6406,120,2026-07-25,4
6407,120,2026-07-23,1
6408,120,2026-07-22,1
6409,120,2026-07-18,3
6410,120,2026-07-12,5
6411,120,2026-07-10,4
6412,120,2026-07-07,4
6413,120,2026-07-03,2
6414,120,2026-06-29,3
6415,120,2026-06-28,4
6416,120,2026-06-22,3
6417,120,2026-06-21,5
6418,120,2026-06-20,1
6419,120,2026-06-15,2
6420,120,2026-06-14,5
6421,120,2026-06-13,2
6422,120,2026-06-07,4
6423,120,2026-06-05,3
6424,120,2026-06-01,5
6425,120,2026-05-31,1
6426,120,2026-05-28,2
6427,120,2026-05-23,5
6428,120,2026-05-22,4
6429,120,2026-05-21,1
6430,120,2026-05-17,1
6431,120,2026-05-13,5
6432,120,2026-05-12,5
6433,120,2026-05-11,5
6434,120,2026-05-10,5
6435,120,2026-05-08,1
6436,120,2026-05-06,3
6437,120,2026-05-02,1
6438,120,2026-05-01,4
6439,120,2026-04-27,4
6440,120,2026-04-25,4
6441,120,2026-04-24,2
6442,120,2026-04-23,4
6443,120,2026-04-22,5
6444,120,2026-04-21,4
6445,120,2026-04-20,1
6446,120,2026-04-19,2
6447,120,2026-04-18,3
6448,120,2026-04-17,3
6449,120,2026-04-16,1
6450,120,2026-04-12,1
6451,120,2026-04-11,3
6452,120,2026-04-10,3
6453,120,2026-04-07,5
6454,120,2026-04-04,2
6455,120,2026-04-03,3
6456,120,2026-04-01,5
6457,120,2026-03-26,4
6458,120,2026-03-25,3
6459,120,2026-03-20,2
6460,120,2026-03-19,3
6461,121,2026-09-10,1
6462,121,2026-09-09,6
6463,121,2026-09-07,4
6464,121,2026-08-31,3
6465,121,2026-08-30,3
6466,121,2026-08-27,7
6467,121,2026-08-26,6
6468,121,2026-08-24,1
6469,121,2026-08-23,2
6470,121,2026-08-22,6
6471,121,2026-08-20,1
6472,121,2026-08-17,4
6473,121,2026-08-16,7
6474,121,2026-08-13,6
6475,121,2026-08-10,5
6476,121,2026-08-07,5
6477,121,2026-08-03,7
6478,121,2026-07-31,4
6479,121,2026-07-30,2
6480,121,2026-07-29,3
6481,121,2026-07-28,2
6482,121,2026-07-26,6
6483,121,2026-07-24,7
6484,121,2026-07-23,2
6485,121,2026-07-21,6
6486,121,2026-07-20,4
6487,121,2026-07-19,7
6488,121,2026-07-16,4
6489,121,2026-07-15,5
6490,121,2026-07-13,4
6491,121,2026-07-12,2
6492,121,2026-07-09,5
6493,121,2026-07-04,4
6494,121,2026-07-02,3
6495,121,2026-06-30,2
6496,121,2026-06-28,2
6497,121,2026-06-27,1
6498,121,2026-06-25,1
6499,121,2026-06-22,2
6500,121,2026-06-21,7
6501,121,2026-06-20,5
6502,121,2026-06-17,4
6503,121,2026-06-14,7
6504,121,2026-06-12,6
6505,121,2026-06-11,1
6506,121,2026-06-10,4
6507,121,2026-06-06,5
6508,121,2026-06-04,7
6509,121,2026-06-03,3
6510,121,2026-05-30,6
6511,121,2026-05-29,4
6512,121,2026-05-24,6
6513,121,2026-05-21,1
6514,121,2026-05-18,6
6515,121,2026-05-15,5
6516,121,2026-05-14,7
6517,121,2026-05-13,5
6518,121,2026-05-11,4
6519,121,2026-05-10,3
6520,121,2026-05-09,2
6521,121,2026-05-07,3
6522,121,2026-05-01,5
6523,121,2026-04-27,6
6524,121,2026-04-25,2
6525,121,2026-04-21,2
6526,121,2026-04-18,6
6527,121,2026-04-13,4
6528,121,2026-04-03,2
6529,121,2026-04-02,1
6530,121,2026-03-26,3
6531,121,2026-03-20,6
6532,121,2026-03-19,3
6533,122,2026-09-10,1
6534,122,2026-09-07,4
6535,122,2026-09-05,1
6536,122,2026-08-29,2
6537,122,2026-08-27,4
6538,122,2026-08-24,3
6539,122,2026-08-22,2
6540,122,2026-08-20,4
6541,122,2026-08-19,4
6542,122,2026-08-18,5
6543,122,2026-08-11,2
6544,122,2026-08-10,5
6545,122,2026-08-09,2
6546,122,2026-08-06,3
6547,122,2026-08-05,5
6548,122,2026-08-03,1
6549,122,2026-07-31,5
6550,122,2026-07-30,5
6551,122,2026-07-24,2
6552,122,2026-07-22,3
6553,122,2026-07-19,2
6554,122,2026-07-18,4
6555,122,2026-07-16,3
6556,122,2026-07-14,2
6557,122,2026-07-12,1
6558,122,2026-07-10,1
6559,122,2026-07-09,1
6560,122,2026-07-07,4
6561,122,2026-07-01,4
6562,122,2026-06-24,4
6563,122,2026-06-23,4
6564,122,2026-06-17,1
6565,122,2026-06-16,4
6566,122,2026-06-14,1
6567,122,2026-06-13,5
6568,122,2026-06-12,4
6569,122,2026-06-09,5
6570,122,2026-06-05,1
6571,122,2026-06-03,5
6572,122,2026-05-30,2
6573,122,2026-05-28,5
6574,122,2026-05-27,4
6575,122,2026-05-24,3
6576,122,2026-05-17,4
6577,122,2026-05-15,2
6578,122,2026-05-14,2
6579,122,2026-05-06,1
6580,122,2026-05-03,4
6581,122,2026-05-02,2
6582,122,2026-04-30,5
6583,122,2026-04-25,4
6584,122,2026-04-22,1
6585,122,2026-04-21,4
6586,122,2026-04-19,1
6587,122,2026-04-15,2
6588,122,2026-04-12,1
6589,122,2026-04-07,4
6590,122,2026-03-26,3
6591,122,2026-03-24,5
6592,122,2026-03-21,5
6593,122,2026-03-19,3
6594,123,2026-09-09,3
6595,123,2026-09-04,1
6596,123,2026-09-03,2
6597,123,2026-08-31,4
6598,123,2026-08-28,3
6599,123,2026-08-25,3
6600,123,2026-08-19,4
6601,123,2026-08-17,4
6602,123,2026-08-15,3
6603,123,2026-08-13,1
6604,123,2026-08-10,2
6605,123,2026-08-07,3
6606,123,2026-08-06,3
6607,123,2026-08-03,5
6608,123,2026-07-31,5
6609,123,2026-07-30,1
6610,123,2026-07-29,1
6611,123,2026-07-27,3
6612,123,2026-07-26,5
6613,123,2026-07-25,1
6614,123,2026-07-22,4
6615,123,2026-07-19,5
6616,123,2026-07-17,1
6617,123,2026-07-16,1
6618,123,2026-07-15,1
6619,123,2026-07-13,1
6620,123,2026-07-08,2
6621,123,2026-07-04,4
6622,123,2026-07-03,3
6623,123,2026-07-02,1
6624,123,2026-07-01,1
6625,123,2026-06-27,4
6626,123,2026-06-24,4
6627,123,2026-06-23,3
6628,123,2026-06-22,5
6629,123,2026-06-20,1
6630,123,2026-06-19,2
6631,123,2026-06-18,5
6632,123,2026-06-17,5
6633,123,2026-06-12,3
6634,123,2026-06-11,5
6635,123,2026-06-08,2
6636,123,2026-06-06,1
6637,123,2026-06-02,3
6638,123,2026-05-26,1
6639,123,2026-05-25,4
6640,123,2026-05-22,1
6641,123,2026-05-21,4
6642,123,2026-05-20,5
6643,123,2026-05-17,3
6644,123,2026-05-14,1
6645,123,2026-05-12,1
6646,123,2026-05-11,2
6647,123,2026-05-10,2
6648,123,2026-05-07,3
6649,123,2026-05-06,4
6650,123,2026-05-05,1
6651,123,2026-05-01,3
6652,123,2026-04-27,3
6653,123,2026-04-26,2
6654,123,2026-04-24,5
6655,123,2026-04-21,5
6656,123,2026-04-20,1
6657,123,2026-04-18,3
6658,123,2026-04-08,2
6659,123,2026-04-06,4
6660,123,2026-04-05,1
6661,123,2026-04-03,5
6662,123,2026-04-02,4
6663,123,2026-04-01,5
6664,123,2026-03-30,3
6665,123,2026-03-26,1
6666,123,2026-03-25,2
6667,123,2026-03-22,3
6668,123,2026-03-21,1
6669,123,2026-03-20,2
6670,124,2026-09-12,1
6671,124,2026-09-03,5
6672,124,2026-08-28,2
6673,124,2026-08-26,5
6674,124,2026-08-22,7
6675,124,2026-08-19,2
6676,124,2026-08-18,3
6677,124,2026-08-17,7
6678,124,2026-08-15,7
6679,124,2026-08-13,2
6680,124,2026-08-12,3
6681,124,2026-08-09,7
6682,124,2026-08-08,1
6683,124,2026-08-03,4
6684,124,2026-07-31,5
6685,124,2026-07-28,2
6686,124,2026-07-26,5
6687,124,2026-07-24,6
6688,124,2026-07-22,7
6689,124,2026-07-21,6
6690,124,2026-07-20,1
6691,124,2026-07-18,4
6692,124,2026-07-17,4
6693,124,2026-07-16,1
6694,124,2026-07-15,6
6695,124,2026-07-09,5
6696,124,2026-07-07,3
6697,124,2026-07-04,2
6698,124,2026-07-03,3
6699,124,2026-07-01,1
6700,124,2026-06-29,1
6701,124,2026-06-23,3
6702,124,2026-06-20,4
6703,124,2026-06-19,4
6704,124,2026-06-18,7
6705,124,2026-06-05,6
6706,124,2026-05-30,3
6707,124,2026-05-29,1
6708,124,2026-05-28,2
6709,124,2026-05-25,4
6710,124,2026-05-23,5
6711,124,2026-05-22,4
6712,124,2026-05-21,6
6713,124,2026-05-15,7
6714,124,2026-05-13,1
6715,124,2026-05-11,7
6716,124,2026-05-07,1
6717,124,2026-05-06,2
6718,124,2026-05-04,1
6719,124,2026-04-29,6
6720,124,2026-04-28,4
6721,124,2026-04-26,5
6722,124,2026-04-25,7
6723,124,2026-04-24,3
6724,124,2026-04-23,7
6725,124,2026-04-17,6
6726,124,2026-04-16,2
6727,124,2026-04-08,4
6728,124,2026-04-03,1
6729,124,2026-03-31,6
6730,124,2026-03-26,4
6731,124,2026-03-22,2
6732,125,2026-09-13,5
6733,125,2026-09-10,2
6734,125,2026-09-06,3
6735,125,2026-09-05,4
6736,125,2026-09-03,1
6737,125,2026-08-30,9
6738,125,2026-08-28,1
6739,125,2026-08-25,6
6740,125,2026-08-23,7
6741,125,2026-08-20,1
6742,125,2026-08-13,9
6743,125,2026-08-08,1
6744,125,2026-08-02,9
6745,125,2026-07-31,4
6746,125,2026-07-30,7
6747,125,2026-07-23,3
6748,125,2026-07-22,9
6749,125,2026-07-15,8
6750,125,2026-07-14,3
6751,125,2026-07-13,2
6752,125,2026-07-12,7
6753,125,2026-07-10,8
6754,125,2026-07-07,1
6755,125,2026-07-02,7
6756,125,2026-07-01,4
6757,125,2026-06-27,7
6758,125,2026-06-25,3
6759,125,2026-06-24,2
6760,125,2026-06-22,7
6761,125,2026-06-16,6
6762,125,2026-06-10,6
6763,125,2026-06-09,6
6764,125,2026-06-08,2
6765,125,2026-06-07,6
6766,125,2026-06-03,5
6767,125,2026-06-01,4
6768,125,2026-05-31,4
6769,125,2026-05-25,2
6770,125,2026-05-22,5
6771,125,2026-05-17,9
6772,125,2026-05-12,7
6773,125,2026-05-11,2
6774,125,2026-05-08,8
6775,125,2026-05-06,5
6776,125,2026-04-29,1
6777,125,2026-04-28,3
6778,125,2026-04-24,5
6779,125,2026-04-22,4
6780,125,2026-04-14,3
6781,125,2026-04-13,2
6782,125,2026-04-07,8
6783,125,2026-04-06,4
6784,125,2026-03-29,7
6785,125,2026-03-25,4
6786,125,2026-03-21,2
6787,125,2026-03-20,2
6788,126,2026-09-12,2
6789,126,2026-09-11,3
6790,126,2026-09-08,9
6791,126,2026-09-07,4
6792,126,2026-09-06,9
6793,126,2026-09-02,2
6794,126,2026-09-01,8
6795,126,2026-08-31,1
6796,126,2026-08-25,1
6797,126,2026-08-24,6
6798,126,2026-08-19,2
6799,126,2026-08-17,3
6800,126,2026-08-16,8
6801,126,2026-08-15,4
6802,126,2026-08-14,7
6803,126,2026-08-13,9
6804,126,2026-08-12,5
6805,126,2026-08-09,2
6806,126,2026-07-30,9
6807,126,2026-07-20,8
6808,126,2026-07-18,8
6809,126,2026-07-17,7
6810,126,2026-07-16,4
6811,126,2026-07-15,8
6812,126,2026-07-12,9
6813,126,2026-07-11,3
6814,126,2026-07-08,4
6815,126,2026-07-06,9
6816,126,2026-07-05,2
6817,126,2026-07-04,2
6818,126,2026-06-29,2
6819,126,2026-06-28,6
6820,126,2026-06-27,3
6821,126,2026-06-26,5
6822,126,2026-06-23,8
6823,126,2026-06-12,6
6824,126,2026-06-10,1
6825,126,2026-06-09,5
6826,126,2026-06-06,7
6827,126,2026-06-02,6
6828,126,2026-05-30,9
6829,126,2026-05-29,1
6830,126,2026-05-28,8
6831,126,2026-05-27,9
6832,126,2026-05-23,8
6833,126,2026-05-21,1
6834,126,2026-05-19,7
6835,126,2026-05-18,8
6836,126,2026-05-17,4
6837,126,2026-05-14,4
6838,126,2026-05-11,3
6839,126,2026-05-10,8
6840,126,2026-05-09,1
6841,126,2026-05-08,5
6842,126,2026-05-05,6
6843,126,2026-05-03,9
6844,126,2026-05-02,4
6845,126,2026-04-28,6
6846,126,2026-04-24,8
6847,126,2026-04-23,8
6848,126,2026-04-22,5
6849,126,2026-04-21,8
6850,126,2026-04-19,8
6851,126,2026-04-16,8
6852,126,2026-04-15,9
6853,126,2026-04-14,1
6854,126,2026-04-13,7
6855,126,2026-04-11,1
6856,126,2026-04-09,8
6857,126,2026-04-08,2
6858,126,2026-04-03,3
6859,126,2026-04-01,5
6860,126,2026-03-29,8
6861,126,2026-03-28,6
6862,126,2026-03-25,8
6863,126,2026-03-19,4
6864,127,2026-09-07,1
6865,127,2026-09-05,9
6866,127,2026-09-01,4
6867,127,2026-08-25,8
6868,127,2026-08-23,1
6869,127,2026-08-20,1
6870,127,2026-08-19,1
6871,127,2026-08-11,2
6872,127,2026-08-05,6
6873,127,2026-07-31,9
6874,127,2026-07-28,5
6875,127,2026-07-25,9
6876,127,2026-07-19,1
6877,127,2026-07-16,7
6878,127,2026-07-12,6
6879,127,2026-07-11,1
6880,127,2026-07-05,1
6881,127,2026-07-03,6
6882,127,2026-07-02,3
6883,127,2026-06-26,4
6884,127,2026-06-21,5
6885,127,2026-06-19,7
6886,127,2026-06-17,8
6887,127,2026-06-15,1
6888,127,2026-06-09,5
6889,127,2026-06-08,6
6890,127,2026-06-07,6
6891,127,2026-06-06,7
6892,127,2026-06-05,8
6893,127,2026-06-03,4
6894,127,2026-05-31,8
6895,127,2026-05-30,1
6896,127,2026-05-29,4
6897,127,2026-05-26,2
6898,127,2026-05-25,5
6899,127,2026-05-24,5
6900,127,2026-05-23,8
6901,127,2026-05-21,1
6902,127,2026-05-18,5
6903,127,2026-05-17,8
6904,127,2026-05-14,7
6905,127,2026-05-11,1
6906,127,2026-05-10,2
6907,127,2026-05-08,2
6908,127,2026-05-07,7
6909,127,2026-05-06,7
6910,127,2026-04-29,9
6911,127,2026-04-28,8
6912,127,2026-04-26,9
6913,127,2026-04-25,9
6914,127,2026-04-24,6
6915,127,2026-04-23,4
6916,127,2026-04-22,8
6917,127,2026-04-21,6
6918,127,2026-04-20,5
6919,127,2026-04-18,7
6920,127,2026-04-13,4
6921,127,2026-04-11,2
6922,127,2026-04-10,9
6923,127,2026-04-08,6
6924,127,2026-04-03,6
6925,127,2026-04-02,6
6926,127,2026-04-01,3
6927,127,2026-03-27,6
6928,127,2026-03-24,9
6929,127,2026-03-22,8
6930,127,2026-03-19,5
6931,127,2026-03-18,2
6932,128,2026-09-13,6
6933,128,2026-09-12,5
6934,128,2026-09-11,6
6935,128,2026-09-09,1
6936,128,2026-09-07,4
6937,128,2026-08-25,2
6938,128,2026-08-24,6
6939,128,2026-08-23,7
6940,128,2026-08-21,1
6941,128,2026-08-17,6
6942,128,2026-08-16,2
6943,128,2026-08-14,7
6944,128,2026-08-13,6
6945,128,2026-08-07,7
6946,128,2026-08-05,5
6947,128,2026-08-01,3
6948,128,2026-07-27,1
6949,128,2026-07-26,7
6950,128,2026-07-25,3
6951,128,2026-07-24,7
6952,128,2026-07-23,4
6953,128,2026-07-21,6
6954,128,2026-07-20,1
6955,128,2026-07-19,4
6956,128,2026-07-13,7
6957,128,2026-07-12,7
6958,128,2026-07-11,2
6959,128,2026-07-10,3
6960,128,2026-07-06,5
6961,128,2026-07-03,2
6962,128,2026-06-30,5
6963,128,2026-06-28,2
6964,128,2026-06-27,5
6965,128,2026-06-25,2
6966,128,2026-06-24,6
6967,128,2026-06-22,6
6968,128,2026-06-18,2
6969,128,2026-06-16,7
6970,128,2026-06-11,4
6971,128,2026-06-09,3
6972,128,2026-06-08,3
6973,128,2026-06-07,1
6974,128,2026-06-06,3
6975,128,2026-06-02,7
6976,128,2026-05-28,2
6977,128,2026-05-23,5
6978,128,2026-05-21,2
6979,128,2026-05-20,7
6980,128,2026-05-14,5
6981,128,2026-05-12,5
6982,128,2026-05-11,7
6983,128,2026-05-09,1
6984,128,2026-05-08,5
6985,128,2026-05-07,5
6986,128,2026-05-01,2
6987,128,2026-04-30,5
6988,128,2026-04-26,3
6989,128,2026-04-25,7
6990,128,2026-04-24,1
6991,128,2026-04-23,6
6992,128,2026-04-18,1
6993,128,2026-04-17,6
6994,128,2026-04-16,5
6995,128,2026-04-14,5
6996,128,2026-04-13,1
6997,128,2026-04-12,6
6998,128,2026-04-11,6
6999,128,2026-04-10,7
7000,128,2026-04-09,5
7001,128,2026-04-08,1
7002,128,2026-04-07,2
7003,128,2026-04-06,5
7004,128,2026-04-05,5
7005,128,2026-04-04,2
7006,128,2026-04-03,1
7007,128,2026-04-02,6
7008,128,2026-03-31,4
7009,128,2026-03-30,7
7010,128,2026-03-26,7
7011,128,2026-03-23,7
7012,128,2026-03-22,1
7013,128,2026-03-20,1
7014,128,2026-03-19,1
7015,131,2026-09-11,3
7016,131,2026-09-08,5
7017,131,2026-09-06,5
7018,131,2026-09-04,1
7019,131,2026-09-01,5
7020,131,2026-08-31,5
7021,131,2026-08-30,3
7022,131,2026-08-26,5
7023,131,2026-08-25,2
7024,131,2026-08-24,5
7025,131,2026-08-20,3
7026,131,2026-08-09,2
7027,131,2026-08-06,1
7028,131,2026-08-05,5
7029,131,2026-08-04,2
7030,131,2026-07-29,2
7031,131,2026-07-28,2
7032,131,2026-07-26,5
7033,131,2026-07-22,1
7034,131,2026-07-21,3
7035,131,2026-07-16,5
7036,131,2026-07-12,2
7037,131,2026-07-10,3
7038,131,2026-07-09,2
7039,131,2026-07-06,4
7040,131,2026-07-04,4
7041,131,2026-07-03,2
7042,131,2026-06-30,2
7043,131,2026-06-29,1
7044,131,2026-06-28,3
7045,131,2026-06-23,1
7046,131,2026-06-19,3
7047,131,2026-06-18,1
7048,131,2026-06-16,2
7049,131,2026-06-15,4
7050,131,2026-06-13,4
7051,131,2026-06-11,4
7052,131,2026-06-08,2
7053,131,2026-06-07,5
7054,131,2026-06-05,5
7055,131,2026-06-03,3
7056,131,2026-06-02,5
7057,131,2026-05-29,1
7058,131,2026-05-28,1
7059,131,2026-05-27,4
7060,131,2026-05-25,4
7061,131,2026-05-23,2
7062,131,2026-05-20,4
7063,131,2026-05-18,3
7064,131,2026-05-17,5
7065,131,2026-05-14,4
7066,131,2026-05-12,2
7067,131,2026-05-11,5
7068,131,2026-05-10,1
7069,131,2026-05-09,3
7070,131,2026-05-08,5
7071,131,2026-05-07,1
7072,131,2026-05-03,5
7073,131,2026-04-29,5
7074,131,2026-04-28,4
7075,131,2026-04-26,5
7076,131,2026-04-25,1
7077,131,2026-04-23,2
7078,131,2026-04-22,2
7079,131,2026-04-19,2
7080,131,2026-04-18,4
7081,131,2026-04-17,2
7082,131,2026-04-11,1
7083,131,2026-04-08,1
7084,131,2026-04-05,5
7085,131,2026-04-03,3
7086,131,2026-04-01,2
7087,131,2026-03-31,3
7088,131,2026-03-30,1
7089,131,2026-03-29,3
7090,131,2026-03-28,4
7091,131,2026-03-21,3
7092,131,2026-03-20,4
7093,135,2026-09-12,1
7094,135,2026-09-08,3
7095,135,2026-09-06,6
7096,135,2026-09-04,2
7097,135,2026-09-02,7
7098,135,2026-09-01,7
7099,135,2026-08-31,3
7100,135,2026-08-30,6
7101,135,2026-08-29,6
7102,135,2026-08-27,3
7103,135,2026-08-26,7
7104,135,2026-08-25,4
7105,135,2026-08-22,3
7106,135,2026-08-17,5
7107,135,2026-08-16,5
7108,135,2026-08-10,2
7109,135,2026-08-08,1
7110,135,2026-08-07,6
7111,135,2026-08-03,4
7112,135,2026-08-02,6
7113,135,2026-08-01,6
7114,135,2026-07-28,2
7115,135,2026-07-22,1
7116,135,2026-07-21,5
7117,135,2026-07-20,4
7118,135,2026-07-19,4
7119,135,2026-07-15,5
7120,135,2026-07-12,7
7121,135,2026-07-10,7
7122,135,2026-07-09,5
7123,135,2026-07-07,3
7124,135,2026-07-06,4
7125,135,2026-07-04,1
7126,135,2026-07-02,5
7127,135,2026-06-26,4
7128,135,2026-06-24,4
7129,135,2026-06-23,7
7130,135,2026-06-18,1
7131,135,2026-06-16,5
7132,135,2026-06-10,4
7133,135,2026-06-09,7
7134,135,2026-06-07,2
7135,135,2026-05-27,4
7136,135,2026-05-25,7
7137,135,2026-05-22,3
7138,135,2026-05-21,4
7139,135,2026-05-17,1
7140,135,2026-05-15,2
7141,135,2026-05-14,7
7142,135,2026-05-13,6
7143,135,2026-05-12,1
7144,135,2026-05-09,6
7145,135,2026-05-06,2
7146,135,2026-05-05,5
7147,135,2026-05-02,5
7148,135,2026-05-01,4
7149,135,2026-04-28,3
7150,135,2026-04-25,3
7151,135,2026-04-23,7
7152,135,2026-04-22,2
7153,135,2026-04-21,1
7154,135,2026-04-15,4
7155,135,2026-04-14,1
7156,135,2026-04-09,7
7157,135,2026-04-07,4
7158,135,2026-04-05,5
7159,135,2026-04-04,5
7160,135,2026-04-01,2
7161,135,2026-03-29,7
7162,135,2026-03-28,3
7163,135,2026-03-25,4
7164,135,2026-03-24,5
7165,135,2026-03-21,7
7166,135,2026-03-19,4
7167,136,2026-09-13,8
7168,136,2026-09-11,3
7169,136,2026-09-07,8
7170,136,2026-09-06,8
7171,136,2026-09-02,6
7172,136,2026-09-01,5
7173,136,2026-08-30,1
7174,136,2026-08-23,7
7175,136,2026-08-22,8
7176,136,2026-08-21,9
7177,136,2026-08-20,5
7178,136,2026-08-19,1
7179,136,2026-08-18,4
7180,136,2026-08-17,2
7181,136,2026-08-15,6
7182,136,2026-08-11,4
7183,136,2026-08-10,6
7184,136,2026-08-06,5
7185,136,2026-08-04,4
7186,136,2026-07-31,6
7187,136,2026-07-28,6
7188,136,2026-07-27,5
7189,136,2026-07-25,8
7190,136,2026-07-19,3
7191,136,2026-07-16,8
7192,136,2026-07-15,7
7193,136,2026-07-14,3
7194,136,2026-07-05,3
7195,136,2026-07-04,3
7196,136,2026-07-03,6
7197,136,2026-07-02,9
7198,136,2026-06-20,9
7199,136,2026-06-18,6
7200,136,2026-06-15,7
7201,136,2026-06-14,6
7202,136,2026-06-13,1
7203,136,2026-06-11,4
7204,136,2026-06-08,3
7205,136,2026-05-31,2
7206,136,2026-05-30,9
7207,136,2026-05-23,2
7208,136,2026-05-21,5
7209,136,2026-05-18,1
7210,136,2026-05-14,8
7211,136,2026-05-09,2
7212,136,2026-05-08,6
7213,136,2026-05-06,5
7214,136,2026-05-01,9
7215,136,2026-04-27,2
7216,136,2026-04-26,8
7217,136,2026-04-25,5
7218,136,2026-04-24,2
7219,136,2026-04-23,4
7220,136,2026-04-21,5
7221,136,2026-04-20,2
7222,136,2026-04-19,3
7223,136,2026-04-13,3
7224,136,2026-04-02,7
7225,136,2026-03-31,6
7226,136,2026-03-30,9
7227,136,2026-03-29,1
7228,136,2026-03-26,5
7229,136,2026-03-22,1
7230,137,2026-09-12,1
7231,137,2026-09-10,2
7232,137,2026-09-08,5
7233,137,2026-09-05,2
7234,137,2026-09-03,1
7235,137,2026-08-27,2
7236,137,2026-08-23,4
7237,137,2026-08-22,4
7238,137,2026-08-21,1
7239,137,2026-08-19,5
7240,137,2026-08-16,3
7241,137,2026-08-12,5
7242,137,2026-08-10,5
7243,137,2026-08-09,5
7244,137,2026-08-08,1
7245,137,2026-08-06,1
7246,137,2026-08-05,5
7247,137,2026-08-01,3
7248,137,2026-07-26,3
7249,137,2026-07-23,3
7250,137,2026-07-20,3
7251,137,2026-07-17,1
7252,137,2026-07-16,3
7253,137,2026-07-14,4
7254,137,2026-07-10,2
7255,137,2026-07-09,2
7256,137,2026-07-08,2
7257,137,2026-07-04,5
7258,137,2026-07-03,3
7259,137,2026-06-30,4
7260,137,2026-06-28,2
7261,137,2026-06-23,4
7262,137,2026-06-19,4
7263,137,2026-06-18,2
7264,137,2026-06-13,2
7265,137,2026-06-11,5
7266,137,2026-06-10,2
7267,137,2026-06-09,2
7268,137,2026-06-04,2
7269,137,2026-06-01,4
7270,137,2026-05-29,5
7271,137,2026-05-27,1
7272,137,2026-05-26,4
7273,137,2026-05-24,2
7274,137,2026-05-23,3
7275,137,2026-05-18,5
7276,137,2026-05-17,2
7277,137,2026-05-16,5
7278,137,2026-05-15,1
7279,137,2026-05-10,2
7280,137,2026-05-03,3
7281,137,2026-05-01,1
7282,137,2026-04-30,2
7283,137,2026-04-28,3
7284,137,2026-04-21,5
7285,137,2026-04-19,4
7286,137,2026-04-18,1
7287,137,2026-04-16,3
7288,137,2026-04-14,5
7289,137,2026-04-13,3
7290,137,2026-04-11,4
7291,137,2026-04-09,3
7292,137,2026-04-05,2
7293,137,2026-04-02,3
7294,137,2026-03-31,2
7295,137,2026-03-30,3
7296,137,2026-03-29,4
7297,137,2026-03-28,5
7298,137,2026-03-26,5
7299,137,2026-03-22,1
7300,137,2026-03-18,5
7301,139,2026-09-12,1
7302,139,2026-09-10,1
7303,139,2026-09-06,5
7304,139,2026-09-04,1
7305,139,2026-08-28,3
7306,139,2026-08-22,3
7307,139,2026-08-19,5
7308,139,2026-08-18,2
7309,139,2026-08-16,2
7310,139,2026-08-15,2
7311,139,2026-08-11,5
7312,139,2026-08-09,4
7313,139,2026-08-08,2
7314,139,2026-08-02,5
7315,139,2026-08-01,5
7316,139,2026-07-25,2
7317,139,2026-07-23,4
7318,139,2026-07-21,5
7319,139,2026-07-18,5
7320,139,2026-07-17,4
7321,139,2026-07-14,1
7322,139,2026-07-13,5
7323,139,2026-07-11,1
7324,139,2026-07-08,2
7325,139,2026-07-01,3
7326,139,2026-06-29,1
7327,139,2026-06-27,1
7328,139,2026-06-26,2
7329,139,2026-06-23,2
7330,139,2026-06-22,1
7331,139,2026-06-21,5
7332,139,2026-06-20,3
7333,139,2026-06-18,1
7334,139,2026-06-15,3
7335,139,2026-06-13,2
7336,139,2026-06-11,4
7337,139,2026-06-06,2
7338,139,2026-06-04,4
7339,139,2026-06-03,2
7340,139,2026-06-02,2
7341,139,2026-06-01,5
7342,139,2026-05-31,1
7343,139,2026-05-28,3
7344,139,2026-05-27,1
7345,139,2026-05-25,4
7346,139,2026-05-21,3
7347,139,2026-05-17,5
7348,139,2026-05-14,1
7349,139,2026-05-10,4
7350,139,2026-05-07,2
7351,139,2026-05-06,5
7352,139,2026-05-05,4
7353,139,2026-05-04,4
7354,139,2026-05-03,2
7355,139,2026-05-02,2
7356,139,2026-05-01,2
7357,139,2026-04-27,5
7358,139,2026-04-26,1
7359,139,2026-04-25,5
7360,139,2026-04-23,4
7361,139,2026-04-22,3
7362,139,2026-04-21,2
7363,139,2026-04-20,3
7364,139,2026-04-19,5
7365,139,2026-04-17,4
7366,139,2026-04-08,4
7367,139,2026-04-06,2
7368,139,2026-04-05,1
7369,139,2026-03-31,4
7370,139,2026-03-29,4
7371,139,2026-03-28,1
7372,139,2026-03-20,5
7373,141,2026-09-12,1
7374,141,2026-09-11,1
7375,141,2026-09-07,7
7376,141,2026-09-06,6
7377,141,2026-09-02,9
7378,141,2026-08-31,7
7379,141,2026-08-30,2
7380,141,2026-08-28,8
7381,141,2026-08-27,8
7382,141,2026-08-25,7
7383,141,2026-08-23,8
7384,141,2026-08-17,8
7385,141,2026-08-15,7
7386,141,2026-08-13,9
7387,141,2026-08-12,9
7388,141,2026-08-11,5
7389,141,2026-08-09,5
7390,141,2026-08-07,3
7391,141,2026-08-05,3
7392,141,2026-08-04,1
7393,141,2026-08-03,5
7394,141,2026-08-02,5
7395,141,2026-07-31,1
7396,141,2026-07-29,1
7397,141,2026-07-28,8
7398,141,2026-07-27,8
7399,141,2026-07-25,7
7400,141,2026-07-24,7
7401,141,2026-07-21,3
7402,141,2026-07-20,5
7403,141,2026-07-18,9
7404,141,2026-07-16,3
7405,141,2026-07-12,7
7406,141,2026-07-10,6
7407,141,2026-07-08,3
7408,141,2026-07-05,2
7409,141,2026-07-02,3
7410,141,2026-06-30,1
7411,141,2026-06-29,3
7412,141,2026-06-28,1
7413,141,2026-06-27,5
7414,141,2026-06-22,3
7415,141,2026-06-21,2
7416,141,2026-06-16,3
7417,141,2026-06-15,4
7418,141,2026-06-12,7
7419,141,2026-06-09,6
7420,141,2026-06-08,9
7421,141,2026-06-05,2
7422,141,2026-06-03,5
7423,141,2026-06-02,1
7424,141,2026-06-01,6
7425,141,2026-05-31,1
7426,141,2026-05-29,9
7427,141,2026-05-26,5
7428,141,2026-05-20,5
7429,141,2026-05-18,4
7430,141,2026-05-17,1
7431,141,2026-05-12,4
7432,141,2026-05-11,5
7433,141,2026-05-09,7
7434,141,2026-05-06,6
7435,141,2026-05-03,2
7436,141,2026-05-02,8
7437,141,2026-05-01,3
7438,141,2026-04-30,2
7439,141,2026-04-29,3
7440,141,2026-04-28,8
7441,141,2026-04-27,3
7442,141,2026-04-26,5
7443,141,2026-04-21,9
7444,141,2026-04-20,4
7445,141,2026-04-18,8
7446,141,2026-04-17,1
7447,141,2026-04-16,4
7448,141,2026-04-14,4
7449,141,2026-04-13,2
7450,141,2026-04-09,9
7451,141,2026-04-07,8
7452,141,2026-04-06,8
7453,141,2026-04-05,9
7454,141,2026-04-04,2
7455,141,2026-04-02,4
7456,141,2026-03-30,4
7457,141,2026-03-26,1
7458,141,2026-03-24,7
7459,142,2026-09-12,1
7460,142,2026-09-11,5
7461,142,2026-09-10,4
7462,142,2026-09-09,5
7463,142,2026-09-07,3
7464,142,2026-09-04,5
7465,142,2026-09-01,3
7466,142,2026-08-30,2
7467,142,2026-08-28,2
7468,142,2026-08-23,4
7469,142,2026-08-22,5
7470,142,2026-08-20,5
7471,142,2026-08-15,4
7472,142,2026-08-14,1
7473,142,2026-08-13,5
7474,142,2026-08-11,4
7475,142,2026-08-10,2
7476,142,2026-08-09,1
7477,142,2026-08-05,4
7478,142,2026-07-27,2
7479,142,2026-07-26,4
7480,142,2026-07-25,2
7481,142,2026-07-21,4
7482,142,2026-07-20,4
7483,142,2026-07-19,4
7484,142,2026-07-18,2
7485,142,2026-07-14,5
7486,142,2026-07-09,1
7487,142,2026-07-06,1
7488,142,2026-07-05,2
7489,142,2026-06-29,5
7490,142,2026-06-26,2
7491,142,2026-06-16,2
7492,142,2026-06-13,1
7493,142,2026-06-12,5
7494,142,2026-06-10,2
7495,142,2026-06-09,2
7496,142,2026-06-07,2
7497,142,2026-06-06,1
7498,142,2026-06-03,3
7499,142,2026-05-31,4
7500,142,2026-05-29,3
7501,142,2026-05-27,4
7502,142,2026-05-18,4
7503,142,2026-05-17,4
7504,142,2026-05-16,3
7505,142,2026-05-12,5
7506,142,2026-05-10,5
7507,142,2026-05-09,5
7508,142,2026-05-08,2
7509,142,2026-05-07,2
7510,142,2026-05-06,2
7511,142,2026-05-05,5
7512,142,2026-05-03,1
7513,142,2026-05-02,3
7514,142,2026-04-30,3
7515,142,2026-04-29,4
7516,142,2026-04-27,1
7517,142,2026-04-26,2
7518,142,2026-04-24,5
7519,142,2026-04-22,5
7520,142,2026-04-21,2
7521,142,2026-04-20,2
7522,142,2026-04-11,4
7523,142,2026-04-08,3
7524,142,2026-04-05,2
7525,142,2026-04-03,1
7526,142,2026-03-29,5
7527,142,2026-03-24,4
7528,142,2026-03-22,2
7529,142,2026-03-21,4
7530,142,2026-03-20,1
7531,144,2026-09-08,5
7532,144,2026-09-07,2
7533,144,2026-09-05,5
7534,144,2026-09-04,1
7535,144,2026-08-28,4
7536,144,2026-08-26,3
7537,144,2026-08-24,2
7538,144,2026-08-23,2
7539,144,2026-08-22,5
7540,144,2026-08-19,5
7541,144,2026-08-13,2
7542,144,2026-08-08,3
7543,144,2026-08-07,4
7544,144,2026-08-06,4
7545,144,2026-08-05,3
7546,144,2026-08-03,5
7547,144,2026-07-31,3
7548,144,2026-07-29,1
7549,144,2026-07-22,2
7550,144,2026-07-20,1
7551,144,2026-07-18,4
7552,144,2026-07-16,2
7553,144,2026-07-15,4
7554,144,2026-07-14,1
7555,144,2026-07-12,2
7556,144,2026-07-10,5
7557,144,2026-07-07,2
7558,144,2026-07-03,2
7559,144,2026-07-02,2
7560,144,2026-06-27,4
7561,144,2026-06-26,4
7562,144,2026-06-24,3
7563,144,2026-06-23,3
7564,144,2026-06-22,5
7565,144,2026-06-19,3
7566,144,2026-06-18,4
7567,144,2026-06-16,4
7568,144,2026-06-09,1
7569,144,2026-06-08,4
7570,144,2026-06-07,4
7571,144,2026-06-05,4
7572,144,2026-06-04,5
7573,144,2026-06-03,1
7574,144,2026-06-02,2
7575,144,2026-05-31,1
7576,144,2026-05-26,5
7577,144,2026-05-24,5
7578,144,2026-05-16,1
7579,144,2026-05-15,2
7580,144,2026-05-13,1
7581,144,2026-05-12,2
7582,144,2026-05-11,5
7583,144,2026-05-10,4
7584,144,2026-05-09,2
7585,144,2026-05-08,1
7586,144,2026-05-07,5
7587,144,2026-05-06,3
7588,144,2026-05-05,1
7589,144,2026-05-03,1
7590,144,2026-05-02,1
7591,144,2026-05-01,2
7592,144,2026-04-30,1
7593,144,2026-04-27,3
7594,144,2026-04-18,3
7595,144,2026-04-17,4
7596,144,2026-04-16,1
7597,144,2026-04-15,4
7598,144,2026-04-10,2
7599,144,2026-04-09,5
7600,144,2026-04-06,3
7601,144,2026-04-04,1
7602,144,2026-03-31,2
7603,144,2026-03-30,4
7604,144,2026-03-28,1
7605,144,2026-03-24,5
7606,144,2026-03-23,4
7607,144,2026-03-22,5
7608,144,2026-03-18,5
7609,145,2026-09-10,2
7610,145,2026-09-07,2
7611,145,2026-09-06,2
7612,145,2026-09-02,1
7613,145,2026-08-28,2
7614,145,2026-08-27,2
7615,145,2026-08-26,2
7616,145,2026-08-24,3
7617,145,2026-08-20,2
7618,145,2026-08-18,1
7619,145,2026-08-15,3
7620,145,2026-08-12,1
7621,145,2026-08-10,1
7622,145,2026-08-07,1
7623,145,2026-08-06,2
7624,145,2026-08-03,2
7625,145,2026-07-28,5
7626,145,2026-07-27,3
7627,145,2026-07-26,4
7628,145,2026-07-25,5
7629,145,2026-07-24,2
7630,145,2026-07-20,3
7631,145,2026-07-19,1
7632,145,2026-07-11,1
7633,145,2026-07-09,5
7634,145,2026-07-05,4
7635,145,2026-07-04,2
7636,145,2026-07-03,5
7637,145,2026-06-30,3
7638,145,2026-06-25,5
7639,145,2026-06-23,4
7640,145,2026-06-19,1
7641,145,2026-06-13,3
7642,145,2026-06-11,5
7643,145,2026-06-09,1
7644,145,2026-06-07,1
7645,145,2026-06-04,2
7646,145,2026-05-31,5
7647,145,2026-05-26,3
7648,145,2026-05-24,4
7649,145,2026-05-20,5
7650,145,2026-05-19,2
7651,145,2026-05-14,3
7652,145,2026-05-12,5
7653,145,2026-05-11,3
7654,145,2026-05-09,5
7655,145,2026-05-03,1
7656,145,2026-05-02,4
7657,145,2026-05-01,3
7658,145,2026-04-30,4
7659,145,2026-04-23,1
7660,145,2026-04-21,5
7661,145,2026-04-20,2
7662,145,2026-04-19,3
7663,145,2026-04-17,1
7664,145,2026-04-13,2
7665,145,2026-04-12,1
7666,145,2026-04-09,4
7667,145,2026-04-08,4
7668,145,2026-04-02,1
7669,145,2026-03-30,3
7670,145,2026-03-28,5
7671,145,2026-03-26,5
7672,145,2026-03-25,3
7673,145,2026-03-24,1
7674,145,2026-03-21,5
7675,145,2026-03-18,3
7676,146,2026-09-12,2
7677,146,2026-09-11,5
7678,146,2026-09-10,6
7679,146,2026-09-09,1
7680,146,2026-09-06,7
7681,146,2026-09-04,7
7682,146,2026-09-01,3
7683,146,2026-08-30,3
7684,146,2026-08-22,1
7685,146,2026-08-20,1
7686,146,2026-08-16,6
7687,146,2026-08-14,6
7688,146,2026-08-13,4
7689,146,2026-08-11,2
7690,146,2026-08-10,5
7691,146,2026-08-09,4
7692,146,2026-08-08,1
7693,146,2026-08-05,3
7694,146,2026-08-03,1
7695,146,2026-08-02,2
7696,146,2026-07-30,4
7697,146,2026-07-25,7
7698,146,2026-07-23,7
7699,146,2026-07-21,3
7700,146,2026-07-20,6
7701,146,2026-07-19,1
7702,146,2026-07-17,7
7703,146,2026-07-16,7
7704,146,2026-07-11,1
7705,146,2026-07-08,6
7706,146,2026-07-06,3
7707,146,2026-07-04,1
7708,146,2026-06-28,6
7709,146,2026-06-27,7
7710,146,2026-06-24,7
7711,146,2026-06-22,3
7712,146,2026-06-20,3
7713,146,2026-06-18,5
7714,146,2026-06-15,6
7715,146,2026-06-14,2
7716,146,2026-06-10,2
7717,146,2026-06-09,2
7718,146,2026-06-08,2
7719,146,2026-06-07,3
7720,146,2026-06-06,4
7721,146,2026-06-04,4
7722,146,2026-06-01,4
7723,146,2026-05-26,6
7724,146,2026-05-24,6
7725,146,2026-05-23,4
7726,146,2026-05-22,7
7727,146,2026-05-17,1
7728,146,2026-05-15,7
7729,146,2026-05-11,4
7730,146,2026-05-10,1
7731,146,2026-05-09,4
7732,146,2026-05-08,6
7733,146,2026-04-30,3
7734,146,2026-04-29,3
7735,146,2026-04-28,2
7736,146,2026-04-27,3
7737,146,2026-04-26,6
7738,146,2026-04-21,1
7739,146,2026-04-18,2
7740,146,2026-04-17,5
7741,146,2026-04-16,5
7742,146,2026-04-14,3
7743,146,2026-04-11,2
7744,146,2026-04-09,3
7745,146,2026-04-08,5
7746,146,2026-04-07,4
7747,146,2026-04-05,5
7748,146,2026-04-04,5
7749,146,2026-04-03,2
7750,146,2026-04-01,2
7751,146,2026-03-30,6
7752,146,2026-03-23,6
7753,146,2026-03-22,1
7754,146,2026-03-18,1
7755,147,2026-09-11,1
7756,147,2026-09-10,3
7757,147,2026-09-08,6
7758,147,2026-09-06,1
7759,147,2026-09-05,3
7760,147,2026-09-02,2
7761,147,2026-08-31,6
7762,147,2026-08-30,7
7763,147,2026-08-27,2
7764,147,2026-08-26,1
7765,147,2026-08-23,3
7766,147,2026-08-18,6
7767,147,2026-08-16,7
7768,147,2026-08-15,7
7769,147,2026-08-12,5
7770,147,2026-08-10,5
7771,147,2026-08-07,3
7772,147,2026-08-03,4
7773,147,2026-07-29,7
7774,147,2026-07-28,2
7775,147,2026-07-25,7
7776,147,2026-07-23,3
7777,147,2026-07-21,2
7778,147,2026-07-19,4
7779,147,2026-07-13,7
7780,147,2026-07-07,4
7781,147,2026-07-05,2
7782,147,2026-06-28,4
7783,147,2026-06-24,5
7784,147,2026-06-22,1
7785,147,2026-06-19,3
7786,147,2026-06-18,3
7787,147,2026-06-15,2
7788,147,2026-06-13,5
7789,147,2026-06-12,1
7790,147,2026-06-09,3
7791,147,2026-06-06,7
7792,147,2026-06-05,3
7793,147,2026-06-01,6
7794,147,2026-05-31,3
7795,147,2026-05-29,3
7796,147,2026-05-26,3
7797,147,2026-05-24,5
7798,147,2026-05-23,2
7799,147,2026-05-21,2
7800,147,2026-05-16,7
7801,147,2026-05-13,4
7802,147,2026-05-10,2
7803,147,2026-05-07,1
7804,147,2026-05-06,6
7805,147,2026-05-04,3
7806,147,2026-05-03,1
7807,147,2026-05-02,2
7808,147,2026-04-29,7
7809,147,2026-04-26,6
7810,147,2026-04-21,1
7811,147,2026-04-20,6
7812,147,2026-04-18,3
7813,147,2026-04-07,3
7814,147,2026-04-06,2
7815,147,2026-04-05,4
7816,147,2026-04-02,5
7817,147,2026-03-28,6
7818,147,2026-03-26,1
7819,147,2026-03-21,2
7820,147,2026-03-20,3
7821,147,2026-03-18,7
7822,148,2026-09-12,3
7823,148,2026-09-09,3
7824,148,2026-09-07,4
7825,148,2026-09-05,2
7826,148,2026-09-04,3
7827,148,2026-09-02,3
7828,148,2026-09-01,5
7829,148,2026-08-30,1
7830,148,2026-08-29,4
7831,148,2026-08-27,4
7832,148,2026-08-26,5
7833,148,2026-08-25,5
7834,148,2026-08-21,4
7835,148,2026-08-20,3
7836,148,2026-08-17,2
7837,148,2026-08-13,3
7838,148,2026-08-12,5
7839,148,2026-08-11,3
7840,148,2026-08-08,3
7841,148,2026-08-06,4
7842,148,2026-08-05,2
7843,148,2026-08-02,3
7844,148,2026-08-01,4
7845,148,2026-07-29,1
7846,148,2026-07-21,1
7847,148,2026-07-19,3
7848,148,2026-07-18,4
7849,148,2026-07-17,5
7850,148,2026-07-13,3
7851,148,2026-07-11,1
7852,148,2026-07-07,5
7853,148,2026-07-06,1
7854,148,2026-07-04,3
7855,148,2026-06-30,5
7856,148,2026-06-28,1
7857,148,2026-06-27,4
7858,148,2026-06-26,4
7859,148,2026-06-21,4
7860,148,2026-06-18,2
7861,148,2026-06-16,5
7862,148,2026-06-15,1
7863,148,2026-06-14,2
7864,148,2026-06-10,2
7865,148,2026-06-05,5
7866,148,2026-05-29,5
7867,148,2026-05-26,3
7868,148,2026-05-24,2
7869,148,2026-05-22,1
7870,148,2026-05-14,2
7871,148,2026-05-13,4
7872,148,2026-05-11,2
7873,148,2026-05-09,3
7874,148,2026-05-08,1
7875,148,2026-05-05,1
7876,148,2026-04-27,3
7877,148,2026-04-25,2
7878,148,2026-04-20,4
7879,148,2026-04-19,4
7880,148,2026-04-17,3
7881,148,2026-04-14,4
7882,148,2026-04-13,4
7883,148,2026-04-12,1
7884,148,2026-04-10,2
7885,148,2026-04-09,2
7886,148,2026-04-07,4
7887,148,2026-04-06,2
7888,148,2026-04-05,1
7889,148,2026-04-03,2
7890,148,2026-04-02,2
7891,148,2026-03-30,4
7892,148,2026-03-25,4
7893,148,2026-03-24,4
7894,148,2026-03-20,3
7895,148,2026-03-19,1
7896,148,2026-03-18,1
7897,149,2026-09-12,7
7898,149,2026-09-10,7
7899,149,2026-09-09,5
7900,149,2026-09-08,2
7901,149,2026-09-07,6
7902,149,2026-09-02,2
7903,149,2026-09-01,4
7904,149,2026-08-30,6
7905,149,2026-08-28,3
7906,149,2026-08-26,3
7907,149,2026-08-24,4
7908,149,2026-08-23,4
7909,149,2026-08-22,4
7910,149,2026-08-21,7
7911,149,2026-08-14,5
7912,149,2026-08-12,5
7913,149,2026-08-11,1
7914,149,2026-08-09,4
7915,149,2026-08-07,1
7916,149,2026-08-06,1
7917,149,2026-08-02,6
7918,149,2026-07-30,2
7919,149,2026-07-29,1
7920,149,2026-07-27,5
7921,149,2026-07-22,5
7922,149,2026-07-20,5
7923,149,2026-07-16,4
7924,149,2026-07-13,4
7925,149,2026-07-11,2
7926,149,2026-07-06,7
7927,149,2026-07-04,2
7928,149,2026-07-01,6
7929,149,2026-06-27,3
7930,149,2026-06-25,5
7931,149,2026-06-23,4
7932,149,2026-06-22,3
7933,149,2026-06-21,3
7934,149,2026-06-20,6
7935,149,2026-06-18,3
7936,149,2026-06-17,7
7937,149,2026-06-15,3
7938,149,2026-06-11,3
7939,149,2026-06-10,1
7940,149,2026-06-09,4
7941,149,2026-06-04,2
7942,149,2026-05-31,7
7943,149,2026-05-30,4
7944,149,2026-05-29,2
7945,149,2026-05-27,5
7946,149,2026-05-24,7
7947,149,2026-05-23,4
7948,149,2026-05-22,4
7949,149,2026-05-21,6
7950,149,2026-05-20,4
7951,149,2026-05-16,3
7952,149,2026-05-15,6
7953,149,2026-05-14,3
7954,149,2026-05-12,3
7955,149,2026-05-11,7
7956,149,2026-05-07,2
7957,149,2026-05-05,7
7958,149,2026-05-04,1
7959,149,2026-05-02,5
7960,149,2026-05-01,2
7961,149,2026-04-30,2
7962,149,2026-04-29,6
7963,149,2026-04-26,6
7964,149,2026-04-25,2
7965,149,2026-04-24,2
7966,149,2026-04-20,6
7967,149,2026-04-19,2
7968,149,2026-04-14,6
7969,149,2026-04-12,1
7970,149,2026-04-10,3
7971,149,2026-04-07,4
7972,149,2026-04-04,4
7973,149,2026-04-03,3
7974,149,2026-04-02,4
7975,149,2026-03-30,2
7976,149,2026-03-29,2
7977,149,2026-03-27,5
7978,149,2026-03-26,3
7979,149,2026-03-25,3
7980,149,2026-03-21,5
7981,149,2026-03-20,3
